STRUCTURE,STRUCTURE_ID,STRUCTURE_NAME,freq,Time frequency,indic_is,Information society indicator,ind_type,Individual type,unit,Unit of measure,geo,Geopolitical entity (reporting),year,Time,value,Observation value,OBS_FLAG,Observation status (Flag) V2 structure,CONF_STATUS,Confidentiality status (flag)
dataflow,ESTAT:ISOC_SK_DSKL_I$DEFAULTVIEW(1.0),Individuals' level of digital skills (2015-2019),A,Annual,I_DSK_AB,Individuals who have above basic overall digital skills,IND_TOTAL,All individuals,PC_IND,Percentage of individuals,AL,Albania,2019,,7.33,,,,,
dataflow,ESTAT:ISOC_SK_DSKL_I$DEFAULTVIEW(1.0),Individuals' level of digital skills (2015-2019),A,Annual,I_DSK_AB,Individuals who have above basic overall digital skills,IND_TOTAL,All individuals,PC_IND,Percentage of individuals,AT,Austria,2015,,32.79,,,,,
dataflow,ESTAT:ISOC_SK_DSKL_I$DEFAULTVIEW(1.0),Individuals' level of digital skills (2015-2019),A,Annual,I_DSK_AB,Individuals who have above basic overall digital skills,IND_TOTAL,All individuals,PC_IND,Percentage of individuals,AT,Austria,2016,,34.59,,,,,
dataflow,ESTAT:ISOC_SK_DSKL_I$DEFAULTVIEW(1.0),Individuals' level of digital skills (2015-2019),A,Annual,I_DSK_AB,Individuals who have above basic overall digital skills,IND_TOTAL,All individuals,PC_IND,Percentage of individuals,AT,Austria,2017,,36.22,,,,,
dataflow,ESTAT:ISOC_SK_DSKL_I$DEFAULTVIEW(1.0),Individuals' level of digital skills (2015-2019),A,Annual,I_DSK_AB,Individuals who have above basic overall digital skills,IND_TOTAL,All individuals,PC_IND,Percentage of individuals,AT,Austria,2019,,39.22,,,,,
dataflow,ESTAT:ISOC_SK_DSKL_I$DEFAULTVIEW(1.0),Individuals' level of digital skills (2015-2019),A,Annual,I_DSK_AB,Individuals who have above basic overall digital skills,IND_TOTAL,All individuals,PC_IND,Percentage of individuals,BA,Bosnia and Herzegovina,2019,,7.79,,,,,
dataflow,ESTAT:ISOC_SK_DSKL_I$DEFAULTVIEW(1.0),Individuals' level of digital skills (2015-2019),A,Annual,I_DSK_AB,Individuals who have above basic overall digital skills,IND_TOTAL,All individuals,PC_IND,Percentage of individuals,BE,Belgium,2015,,31.13,,,,,
dataflow,ESTAT:ISOC_SK_DSKL_I$DEFAULTVIEW(1.0),Individuals' level of digital skills (2015-2019),A,Annual,I_DSK_AB,Individuals who have above basic overall digital skills,IND_TOTAL,All individuals,PC_IND,Percentage of individuals,BE,Belgium,2016,,31.53,,,,,
dataflow,ESTAT:ISOC_SK_DSKL_I$DEFAULTVIEW(1.0),Individuals' level of digital skills (2015-2019),A,Annual,I_DSK_AB,Individuals who have above basic overall digital skills,IND_TOTAL,All individuals,PC_IND,Percentage of individuals,BE,Belgium,2017,,30.99,,,,,
dataflow,ESTAT:ISOC_SK_DSKL_I$DEFAULTVIEW(1.0),Individuals' level of digital skills (2015-2019),A,Annual,I_DSK_AB,Individuals who have above basic overall digital skills,IND_TOTAL,All individuals,PC_IND,Percentage of individuals,BE,Belgium,2019,,34.18,,,,,
dataflow,ESTAT:ISOC_SK_DSKL_I$DEFAULTVIEW(1.0),Individuals' level of digital skills (2015-2019),A,Annual,I_DSK_AB,Individuals who have above basic overall digital skills,IND_TOTAL,All individuals,PC_IND,Percentage of individuals,BG,Bulgaria,2015,,12.75,,,,,
dataflow,ESTAT:ISOC_SK_DSKL_I$DEFAULTVIEW(1.0),Individuals' level of digital skills (2015-2019),A,Annual,I_DSK_AB,Individuals who have above basic overall digital skills,IND_TOTAL,All individuals,PC_IND,Percentage of individuals,BG,Bulgaria,2016,,10.07,,,,,
dataflow,ESTAT:ISOC_SK_DSKL_I$DEFAULTVIEW(1.0),Individuals' level of digital skills (2015-2019),A,Annual,I_DSK_AB,Individuals who have above basic overall digital skills,IND_TOTAL,All individuals,PC_IND,Percentage of individuals,BG,Bulgaria,2017,,11.05,,,,,
dataflow,ESTAT:ISOC_SK_DSKL_I$DEFAULTVIEW(1.0),Individuals' level of digital skills (2015-2019),A,Annual,I_DSK_AB,Individuals who have above basic overall digital skills,IND_TOTAL,All individuals,PC_IND,Percentage of individuals,BG,Bulgaria,2019,,11.29,,,,,
dataflow,ESTAT:ISOC_SK_DSKL_I$DEFAULTVIEW(1.0),Individuals' level of digital skills (2015-2019),A,Annual,I_DSK_AB,Individuals who have above basic overall digital skills,IND_TOTAL,All individuals,PC_IND,Percentage of individuals,CH,Switzerland,2017,,42.76,,b,break in time series,,
dataflow,ESTAT:ISOC_SK_DSKL_I$DEFAULTVIEW(1.0),Individuals' level of digital skills (2015-2019),A,Annual,I_DSK_AB,Individuals who have above basic overall digital skills,IND_TOTAL,All individuals,PC_IND,Percentage of individuals,CH,Switzerland,2019,,49.33,,b,break in time series,,
dataflow,ESTAT:ISOC_SK_DSKL_I$DEFAULTVIEW(1.0),Individuals' level of digital skills (2015-2019),A,Annual,I_DSK_AB,Individuals who have above basic overall digital skills,IND_TOTAL,All individuals,PC_IND,Percentage of individuals,CY,Cyprus,2015,,15.36,,,,,
dataflow,ESTAT:ISOC_SK_DSKL_I$DEFAULTVIEW(1.0),Individuals' level of digital skills (2015-2019),A,Annual,I_DSK_AB,Individuals who have above basic overall digital skills,IND_TOTAL,All individuals,PC_IND,Percentage of individuals,CY,Cyprus,2016,,20.44,,,,,
dataflow,ESTAT:ISOC_SK_DSKL_I$DEFAULTVIEW(1.0),Individuals' level of digital skills (2015-2019),A,Annual,I_DSK_AB,Individuals who have above basic overall digital skills,IND_TOTAL,All individuals,PC_IND,Percentage of individuals,CY,Cyprus,2017,,18.71,,,,,
dataflow,ESTAT:ISOC_SK_DSKL_I$DEFAULTVIEW(1.0),Individuals' level of digital skills (2015-2019),A,Annual,I_DSK_AB,Individuals who have above basic overall digital skills,IND_TOTAL,All individuals,PC_IND,Percentage of individuals,CY,Cyprus,2019,,25.23,,,,,
dataflow,ESTAT:ISOC_SK_DSKL_I$DEFAULTVIEW(1.0),Individuals' level of digital skills (2015-2019),A,Annual,I_DSK_AB,Individuals who have above basic overall digital skills,IND_TOTAL,All individuals,PC_IND,Percentage of individuals,CZ,Czechia,2015,,22.93,,,,,
dataflow,ESTAT:ISOC_SK_DSKL_I$DEFAULTVIEW(1.0),Individuals' level of digital skills (2015-2019),A,Annual,I_DSK_AB,Individuals who have above basic overall digital skills,IND_TOTAL,All individuals,PC_IND,Percentage of individuals,CZ,Czechia,2016,,20.42,,,,,
dataflow,ESTAT:ISOC_SK_DSKL_I$DEFAULTVIEW(1.0),Individuals' level of digital skills (2015-2019),A,Annual,I_DSK_AB,Individuals who have above basic overall digital skills,IND_TOTAL,All individuals,PC_IND,Percentage of individuals,CZ,Czechia,2017,,24.06,,,,,
dataflow,ESTAT:ISOC_SK_DSKL_I$DEFAULTVIEW(1.0),Individuals' level of digital skills (2015-2019),A,Annual,I_DSK_AB,Individuals who have above basic overall digital skills,IND_TOTAL,All individuals,PC_IND,Percentage of individuals,CZ,Czechia,2019,,25.79,,b,break in time series,,
dataflow,ESTAT:ISOC_SK_DSKL_I$DEFAULTVIEW(1.0),Individuals' level of digital skills (2015-2019),A,Annual,I_DSK_AB,Individuals who have above basic overall digital skills,IND_TOTAL,All individuals,PC_IND,Percentage of individuals,DE,Germany,2015,,35.30,,,,,
dataflow,ESTAT:ISOC_SK_DSKL_I$DEFAULTVIEW(1.0),Individuals' level of digital skills (2015-2019),A,Annual,I_DSK_AB,Individuals who have above basic overall digital skills,IND_TOTAL,All individuals,PC_IND,Percentage of individuals,DE,Germany,2016,,33.48,,,,,
dataflow,ESTAT:ISOC_SK_DSKL_I$DEFAULTVIEW(1.0),Individuals' level of digital skills (2015-2019),A,Annual,I_DSK_AB,Individuals who have above basic overall digital skills,IND_TOTAL,All individuals,PC_IND,Percentage of individuals,DE,Germany,2017,,36.71,,,,,
dataflow,ESTAT:ISOC_SK_DSKL_I$DEFAULTVIEW(1.0),Individuals' level of digital skills (2015-2019),A,Annual,I_DSK_AB,Individuals who have above basic overall digital skills,IND_TOTAL,All individuals,PC_IND,Percentage of individuals,DE,Germany,2019,,38.84,,,,,
dataflow,ESTAT:ISOC_SK_DSKL_I$DEFAULTVIEW(1.0),Individuals' level of digital skills (2015-2019),A,Annual,I_DSK_AB,Individuals who have above basic overall digital skills,IND_TOTAL,All individuals,PC_IND,Percentage of individuals,DK,Denmark,2015,,48.46,,,,,
dataflow,ESTAT:ISOC_SK_DSKL_I$DEFAULTVIEW(1.0),Individuals' level of digital skills (2015-2019),A,Annual,I_DSK_AB,Individuals who have above basic overall digital skills,IND_TOTAL,All individuals,PC_IND,Percentage of individuals,DK,Denmark,2016,,52.98,,,,,
dataflow,ESTAT:ISOC_SK_DSKL_I$DEFAULTVIEW(1.0),Individuals' level of digital skills (2015-2019),A,Annual,I_DSK_AB,Individuals who have above basic overall digital skills,IND_TOTAL,All individuals,PC_IND,Percentage of individuals,DK,Denmark,2017,,47.22,,,,,
dataflow,ESTAT:ISOC_SK_DSKL_I$DEFAULTVIEW(1.0),Individuals' level of digital skills (2015-2019),A,Annual,I_DSK_AB,Individuals who have above basic overall digital skills,IND_TOTAL,All individuals,PC_IND,Percentage of individuals,DK,Denmark,2019,,48.53,,,,,
dataflow,ESTAT:ISOC_SK_DSKL_I$DEFAULTVIEW(1.0),Individuals' level of digital skills (2015-2019),A,Annual,I_DSK_AB,Individuals who have above basic overall digital skills,IND_TOTAL,All individuals,PC_IND,Percentage of individuals,EA,"Euro area (EA11-1999, EA12-2001, EA13-2007, EA15-2008, EA16-2009, EA17-2011, EA18-2014, EA19-2015, EA20-2023, EA21-2026)",2015,,29.03,,,,,
dataflow,ESTAT:ISOC_SK_DSKL_I$DEFAULTVIEW(1.0),Individuals' level of digital skills (2015-2019),A,Annual,I_DSK_AB,Individuals who have above basic overall digital skills,IND_TOTAL,All individuals,PC_IND,Percentage of individuals,EA,"Euro area (EA11-1999, EA12-2001, EA13-2007, EA15-2008, EA16-2009, EA17-2011, EA18-2014, EA19-2015, EA20-2023, EA21-2026)",2016,,29.26,,,,,
dataflow,ESTAT:ISOC_SK_DSKL_I$DEFAULTVIEW(1.0),Individuals' level of digital skills (2015-2019),A,Annual,I_DSK_AB,Individuals who have above basic overall digital skills,IND_TOTAL,All individuals,PC_IND,Percentage of individuals,EA,"Euro area (EA11-1999, EA12-2001, EA13-2007, EA15-2008, EA16-2009, EA17-2011, EA18-2014, EA19-2015, EA20-2023, EA21-2026)",2017,,31.04,,,,,
dataflow,ESTAT:ISOC_SK_DSKL_I$DEFAULTVIEW(1.0),Individuals' level of digital skills (2015-2019),A,Annual,I_DSK_AB,Individuals who have above basic overall digital skills,IND_TOTAL,All individuals,PC_IND,Percentage of individuals,EA,"Euro area (EA11-1999, EA12-2001, EA13-2007, EA15-2008, EA16-2009, EA17-2011, EA18-2014, EA19-2015, EA20-2023, EA21-2026)",2019,,33.37,,,,,
dataflow,ESTAT:ISOC_SK_DSKL_I$DEFAULTVIEW(1.0),Individuals' level of digital skills (2015-2019),A,Annual,I_DSK_AB,Individuals who have above basic overall digital skills,IND_TOTAL,All individuals,PC_IND,Percentage of individuals,EE,Estonia,2015,,37.44,,,,,
dataflow,ESTAT:ISOC_SK_DSKL_I$DEFAULTVIEW(1.0),Individuals' level of digital skills (2015-2019),A,Annual,I_DSK_AB,Individuals who have above basic overall digital skills,IND_TOTAL,All individuals,PC_IND,Percentage of individuals,EE,Estonia,2016,,34.74,,,,,
dataflow,ESTAT:ISOC_SK_DSKL_I$DEFAULTVIEW(1.0),Individuals' level of digital skills (2015-2019),A,Annual,I_DSK_AB,Individuals who have above basic overall digital skills,IND_TOTAL,All individuals,PC_IND,Percentage of individuals,EE,Estonia,2017,,34.84,,,,,
dataflow,ESTAT:ISOC_SK_DSKL_I$DEFAULTVIEW(1.0),Individuals' level of digital skills (2015-2019),A,Annual,I_DSK_AB,Individuals who have above basic overall digital skills,IND_TOTAL,All individuals,PC_IND,Percentage of individuals,EE,Estonia,2019,,37.03,,,,,
dataflow,ESTAT:ISOC_SK_DSKL_I$DEFAULTVIEW(1.0),Individuals' level of digital skills (2015-2019),A,Annual,I_DSK_AB,Individuals who have above basic overall digital skills,IND_TOTAL,All individuals,PC_IND,Percentage of individuals,EL,Greece,2015,,16.11,,,,,
dataflow,ESTAT:ISOC_SK_DSKL_I$DEFAULTVIEW(1.0),Individuals' level of digital skills (2015-2019),A,Annual,I_DSK_AB,Individuals who have above basic overall digital skills,IND_TOTAL,All individuals,PC_IND,Percentage of individuals,EL,Greece,2016,,19.36,,,,,
dataflow,ESTAT:ISOC_SK_DSKL_I$DEFAULTVIEW(1.0),Individuals' level of digital skills (2015-2019),A,Annual,I_DSK_AB,Individuals who have above basic overall digital skills,IND_TOTAL,All individuals,PC_IND,Percentage of individuals,EL,Greece,2017,,21.66,,,,,
dataflow,ESTAT:ISOC_SK_DSKL_I$DEFAULTVIEW(1.0),Individuals' level of digital skills (2015-2019),A,Annual,I_DSK_AB,Individuals who have above basic overall digital skills,IND_TOTAL,All individuals,PC_IND,Percentage of individuals,EL,Greece,2019,,23.32,,,,,
dataflow,ESTAT:ISOC_SK_DSKL_I$DEFAULTVIEW(1.0),Individuals' level of digital skills (2015-2019),A,Annual,I_DSK_AB,Individuals who have above basic overall digital skills,IND_TOTAL,All individuals,PC_IND,Percentage of individuals,ES,Spain,2015,,30.02,,,,,
dataflow,ESTAT:ISOC_SK_DSKL_I$DEFAULTVIEW(1.0),Individuals' level of digital skills (2015-2019),A,Annual,I_DSK_AB,Individuals who have above basic overall digital skills,IND_TOTAL,All individuals,PC_IND,Percentage of individuals,ES,Spain,2016,,30.72,,,,,
dataflow,ESTAT:ISOC_SK_DSKL_I$DEFAULTVIEW(1.0),Individuals' level of digital skills (2015-2019),A,Annual,I_DSK_AB,Individuals who have above basic overall digital skills,IND_TOTAL,All individuals,PC_IND,Percentage of individuals,ES,Spain,2017,,31.61,,,,,
dataflow,ESTAT:ISOC_SK_DSKL_I$DEFAULTVIEW(1.0),Individuals' level of digital skills (2015-2019),A,Annual,I_DSK_AB,Individuals who have above basic overall digital skills,IND_TOTAL,All individuals,PC_IND,Percentage of individuals,ES,Spain,2019,,36.09,,,,,
dataflow,ESTAT:ISOC_SK_DSKL_I$DEFAULTVIEW(1.0),Individuals' level of digital skills (2015-2019),A,Annual,I_DSK_AB,Individuals who have above basic overall digital skills,IND_TOTAL,All individuals,PC_IND,Percentage of individuals,EU15,European Union - 15 countries (1995-2004),2015,,31.15,,,,,
dataflow,ESTAT:ISOC_SK_DSKL_I$DEFAULTVIEW(1.0),Individuals' level of digital skills (2015-2019),A,Annual,I_DSK_AB,Individuals who have above basic overall digital skills,IND_TOTAL,All individuals,PC_IND,Percentage of individuals,EU15,European Union - 15 countries (1995-2004),2016,,32.06,,,,,
dataflow,ESTAT:ISOC_SK_DSKL_I$DEFAULTVIEW(1.0),Individuals' level of digital skills (2015-2019),A,Annual,I_DSK_AB,Individuals who have above basic overall digital skills,IND_TOTAL,All individuals,PC_IND,Percentage of individuals,EU15,European Union - 15 countries (1995-2004),2017,,34.04,,,,,
dataflow,ESTAT:ISOC_SK_DSKL_I$DEFAULTVIEW(1.0),Individuals' level of digital skills (2015-2019),A,Annual,I_DSK_AB,Individuals who have above basic overall digital skills,IND_TOTAL,All individuals,PC_IND,Percentage of individuals,EU27_2007,European Union - 27 countries (2007-2013),2015,,28.22,,,,,
dataflow,ESTAT:ISOC_SK_DSKL_I$DEFAULTVIEW(1.0),Individuals' level of digital skills (2015-2019),A,Annual,I_DSK_AB,Individuals who have above basic overall digital skills,IND_TOTAL,All individuals,PC_IND,Percentage of individuals,EU27_2007,European Union - 27 countries (2007-2013),2016,,29.27,,,,,
dataflow,ESTAT:ISOC_SK_DSKL_I$DEFAULTVIEW(1.0),Individuals' level of digital skills (2015-2019),A,Annual,I_DSK_AB,Individuals who have above basic overall digital skills,IND_TOTAL,All individuals,PC_IND,Percentage of individuals,EU27_2007,European Union - 27 countries (2007-2013),2017,,31.27,,,,,
dataflow,ESTAT:ISOC_SK_DSKL_I$DEFAULTVIEW(1.0),Individuals' level of digital skills (2015-2019),A,Annual,I_DSK_AB,Individuals who have above basic overall digital skills,IND_TOTAL,All individuals,PC_IND,Percentage of individuals,EU27_2020,European Union - 27 countries (from 2020),2015,,26.69,,,,,
dataflow,ESTAT:ISOC_SK_DSKL_I$DEFAULTVIEW(1.0),Individuals' level of digital skills (2015-2019),A,Annual,I_DSK_AB,Individuals who have above basic overall digital skills,IND_TOTAL,All individuals,PC_IND,Percentage of individuals,EU27_2020,European Union - 27 countries (from 2020),2016,,27.32,,,,,
dataflow,ESTAT:ISOC_SK_DSKL_I$DEFAULTVIEW(1.0),Individuals' level of digital skills (2015-2019),A,Annual,I_DSK_AB,Individuals who have above basic overall digital skills,IND_TOTAL,All individuals,PC_IND,Percentage of individuals,EU27_2020,European Union - 27 countries (from 2020),2017,,29.04,,,,,
dataflow,ESTAT:ISOC_SK_DSKL_I$DEFAULTVIEW(1.0),Individuals' level of digital skills (2015-2019),A,Annual,I_DSK_AB,Individuals who have above basic overall digital skills,IND_TOTAL,All individuals,PC_IND,Percentage of individuals,EU27_2020,European Union - 27 countries (from 2020),2019,,31.05,,,,,
dataflow,ESTAT:ISOC_SK_DSKL_I$DEFAULTVIEW(1.0),Individuals' level of digital skills (2015-2019),A,Annual,I_DSK_AB,Individuals who have above basic overall digital skills,IND_TOTAL,All individuals,PC_IND,Percentage of individuals,EU28,European Union - 28 countries (2013-2020),2015,,28.23,,,,,
dataflow,ESTAT:ISOC_SK_DSKL_I$DEFAULTVIEW(1.0),Individuals' level of digital skills (2015-2019),A,Annual,I_DSK_AB,Individuals who have above basic overall digital skills,IND_TOTAL,All individuals,PC_IND,Percentage of individuals,EU28,European Union - 28 countries (2013-2020),2016,,29.30,,,,,
dataflow,ESTAT:ISOC_SK_DSKL_I$DEFAULTVIEW(1.0),Individuals' level of digital skills (2015-2019),A,Annual,I_DSK_AB,Individuals who have above basic overall digital skills,IND_TOTAL,All individuals,PC_IND,Percentage of individuals,EU28,European Union - 28 countries (2013-2020),2017,,31.19,,,,,
dataflow,ESTAT:ISOC_SK_DSKL_I$DEFAULTVIEW(1.0),Individuals' level of digital skills (2015-2019),A,Annual,I_DSK_AB,Individuals who have above basic overall digital skills,IND_TOTAL,All individuals,PC_IND,Percentage of individuals,EU28,European Union - 28 countries (2013-2020),2019,,33.31,,,,,
dataflow,ESTAT:ISOC_SK_DSKL_I$DEFAULTVIEW(1.0),Individuals' level of digital skills (2015-2019),A,Annual,I_DSK_AB,Individuals who have above basic overall digital skills,IND_TOTAL,All individuals,PC_IND,Percentage of individuals,FI,Finland,2015,,40.94,,,,,
dataflow,ESTAT:ISOC_SK_DSKL_I$DEFAULTVIEW(1.0),Individuals' level of digital skills (2015-2019),A,Annual,I_DSK_AB,Individuals who have above basic overall digital skills,IND_TOTAL,All individuals,PC_IND,Percentage of individuals,FI,Finland,2016,,43.74,,,,,
dataflow,ESTAT:ISOC_SK_DSKL_I$DEFAULTVIEW(1.0),Individuals' level of digital skills (2015-2019),A,Annual,I_DSK_AB,Individuals who have above basic overall digital skills,IND_TOTAL,All individuals,PC_IND,Percentage of individuals,FI,Finland,2017,,45.23,,,,,
dataflow,ESTAT:ISOC_SK_DSKL_I$DEFAULTVIEW(1.0),Individuals' level of digital skills (2015-2019),A,Annual,I_DSK_AB,Individuals who have above basic overall digital skills,IND_TOTAL,All individuals,PC_IND,Percentage of individuals,FI,Finland,2019,,50.07,,,,,
dataflow,ESTAT:ISOC_SK_DSKL_I$DEFAULTVIEW(1.0),Individuals' level of digital skills (2015-2019),A,Annual,I_DSK_AB,Individuals who have above basic overall digital skills,IND_TOTAL,All individuals,PC_IND,Percentage of individuals,FR,France,2015,,26.85,,,,,
dataflow,ESTAT:ISOC_SK_DSKL_I$DEFAULTVIEW(1.0),Individuals' level of digital skills (2015-2019),A,Annual,I_DSK_AB,Individuals who have above basic overall digital skills,IND_TOTAL,All individuals,PC_IND,Percentage of individuals,FR,France,2016,,27.57,,,,,
dataflow,ESTAT:ISOC_SK_DSKL_I$DEFAULTVIEW(1.0),Individuals' level of digital skills (2015-2019),A,Annual,I_DSK_AB,Individuals who have above basic overall digital skills,IND_TOTAL,All individuals,PC_IND,Percentage of individuals,FR,France,2017,,29.24,,,,,
dataflow,ESTAT:ISOC_SK_DSKL_I$DEFAULTVIEW(1.0),Individuals' level of digital skills (2015-2019),A,Annual,I_DSK_AB,Individuals who have above basic overall digital skills,IND_TOTAL,All individuals,PC_IND,Percentage of individuals,FR,France,2019,,30.92,,,,,
dataflow,ESTAT:ISOC_SK_DSKL_I$DEFAULTVIEW(1.0),Individuals' level of digital skills (2015-2019),A,Annual,I_DSK_AB,Individuals who have above basic overall digital skills,IND_TOTAL,All individuals,PC_IND,Percentage of individuals,HR,Croatia,2015,,30.28,,,,,
dataflow,ESTAT:ISOC_SK_DSKL_I$DEFAULTVIEW(1.0),Individuals' level of digital skills (2015-2019),A,Annual,I_DSK_AB,Individuals who have above basic overall digital skills,IND_TOTAL,All individuals,PC_IND,Percentage of individuals,HR,Croatia,2016,,33.28,,,,,
dataflow,ESTAT:ISOC_SK_DSKL_I$DEFAULTVIEW(1.0),Individuals' level of digital skills (2015-2019),A,Annual,I_DSK_AB,Individuals who have above basic overall digital skills,IND_TOTAL,All individuals,PC_IND,Percentage of individuals,HR,Croatia,2017,,20.61,,,,,
dataflow,ESTAT:ISOC_SK_DSKL_I$DEFAULTVIEW(1.0),Individuals' level of digital skills (2015-2019),A,Annual,I_DSK_AB,Individuals who have above basic overall digital skills,IND_TOTAL,All individuals,PC_IND,Percentage of individuals,HR,Croatia,2019,,35.34,,,,,
dataflow,ESTAT:ISOC_SK_DSKL_I$DEFAULTVIEW(1.0),Individuals' level of digital skills (2015-2019),A,Annual,I_DSK_AB,Individuals who have above basic overall digital skills,IND_TOTAL,All individuals,PC_IND,Percentage of individuals,HU,Hungary,2015,,22.42,,,,,
dataflow,ESTAT:ISOC_SK_DSKL_I$DEFAULTVIEW(1.0),Individuals' level of digital skills (2015-2019),A,Annual,I_DSK_AB,Individuals who have above basic overall digital skills,IND_TOTAL,All individuals,PC_IND,Percentage of individuals,HU,Hungary,2016,,23.82,,,,,
dataflow,ESTAT:ISOC_SK_DSKL_I$DEFAULTVIEW(1.0),Individuals' level of digital skills (2015-2019),A,Annual,I_DSK_AB,Individuals who have above basic overall digital skills,IND_TOTAL,All individuals,PC_IND,Percentage of individuals,HU,Hungary,2017,,25.75,,,,,
dataflow,ESTAT:ISOC_SK_DSKL_I$DEFAULTVIEW(1.0),Individuals' level of digital skills (2015-2019),A,Annual,I_DSK_AB,Individuals who have above basic overall digital skills,IND_TOTAL,All individuals,PC_IND,Percentage of individuals,HU,Hungary,2019,,25.36,,,,,
dataflow,ESTAT:ISOC_SK_DSKL_I$DEFAULTVIEW(1.0),Individuals' level of digital skills (2015-2019),A,Annual,I_DSK_AB,Individuals who have above basic overall digital skills,IND_TOTAL,All individuals,PC_IND,Percentage of individuals,IE,Ireland,2015,,25.01,,,,,
dataflow,ESTAT:ISOC_SK_DSKL_I$DEFAULTVIEW(1.0),Individuals' level of digital skills (2015-2019),A,Annual,I_DSK_AB,Individuals who have above basic overall digital skills,IND_TOTAL,All individuals,PC_IND,Percentage of individuals,IE,Ireland,2016,,24.80,,,,,
dataflow,ESTAT:ISOC_SK_DSKL_I$DEFAULTVIEW(1.0),Individuals' level of digital skills (2015-2019),A,Annual,I_DSK_AB,Individuals who have above basic overall digital skills,IND_TOTAL,All individuals,PC_IND,Percentage of individuals,IE,Ireland,2017,,27.74,,,,,
dataflow,ESTAT:ISOC_SK_DSKL_I$DEFAULTVIEW(1.0),Individuals' level of digital skills (2015-2019),A,Annual,I_DSK_AB,Individuals who have above basic overall digital skills,IND_TOTAL,All individuals,PC_IND,Percentage of individuals,IE,Ireland,2019,,34.14,,,,,
dataflow,ESTAT:ISOC_SK_DSKL_I$DEFAULTVIEW(1.0),Individuals' level of digital skills (2015-2019),A,Annual,I_DSK_AB,Individuals who have above basic overall digital skills,IND_TOTAL,All individuals,PC_IND,Percentage of individuals,IS,Iceland,2017,,58.31,,,,,
dataflow,ESTAT:ISOC_SK_DSKL_I$DEFAULTVIEW(1.0),Individuals' level of digital skills (2015-2019),A,Annual,I_DSK_AB,Individuals who have above basic overall digital skills,IND_TOTAL,All individuals,PC_IND,Percentage of individuals,IS,Iceland,2019,,61.57,,,,,
dataflow,ESTAT:ISOC_SK_DSKL_I$DEFAULTVIEW(1.0),Individuals' level of digital skills (2015-2019),A,Annual,I_DSK_AB,Individuals who have above basic overall digital skills,IND_TOTAL,All individuals,PC_IND,Percentage of individuals,IT,Italy,2015,,19.32,,,,,
dataflow,ESTAT:ISOC_SK_DSKL_I$DEFAULTVIEW(1.0),Individuals' level of digital skills (2015-2019),A,Annual,I_DSK_AB,Individuals who have above basic overall digital skills,IND_TOTAL,All individuals,PC_IND,Percentage of individuals,IT,Italy,2016,,19.48,,,,,
dataflow,ESTAT:ISOC_SK_DSKL_I$DEFAULTVIEW(1.0),Individuals' level of digital skills (2015-2019),A,Annual,I_DSK_AB,Individuals who have above basic overall digital skills,IND_TOTAL,All individuals,PC_IND,Percentage of individuals,IT,Italy,2017,,,,u,low reliability,,
dataflow,ESTAT:ISOC_SK_DSKL_I$DEFAULTVIEW(1.0),Individuals' level of digital skills (2015-2019),A,Annual,I_DSK_AB,Individuals who have above basic overall digital skills,IND_TOTAL,All individuals,PC_IND,Percentage of individuals,IT,Italy,2019,,22.02,,b,break in time series,,
dataflow,ESTAT:ISOC_SK_DSKL_I$DEFAULTVIEW(1.0),Individuals' level of digital skills (2015-2019),A,Annual,I_DSK_AB,Individuals who have above basic overall digital skills,IND_TOTAL,All individuals,PC_IND,Percentage of individuals,LT,Lithuania,2015,,30.29,,,,,
dataflow,ESTAT:ISOC_SK_DSKL_I$DEFAULTVIEW(1.0),Individuals' level of digital skills (2015-2019),A,Annual,I_DSK_AB,Individuals who have above basic overall digital skills,IND_TOTAL,All individuals,PC_IND,Percentage of individuals,LT,Lithuania,2016,,29.15,,,,,
dataflow,ESTAT:ISOC_SK_DSKL_I$DEFAULTVIEW(1.0),Individuals' level of digital skills (2015-2019),A,Annual,I_DSK_AB,Individuals who have above basic overall digital skills,IND_TOTAL,All individuals,PC_IND,Percentage of individuals,LT,Lithuania,2017,,31.94,,,,,
dataflow,ESTAT:ISOC_SK_DSKL_I$DEFAULTVIEW(1.0),Individuals' level of digital skills (2015-2019),A,Annual,I_DSK_AB,Individuals who have above basic overall digital skills,IND_TOTAL,All individuals,PC_IND,Percentage of individuals,LT,Lithuania,2019,,32.30,,,,,
dataflow,ESTAT:ISOC_SK_DSKL_I$DEFAULTVIEW(1.0),Individuals' level of digital skills (2015-2019),A,Annual,I_DSK_AB,Individuals who have above basic overall digital skills,IND_TOTAL,All individuals,PC_IND,Percentage of individuals,LU,Luxembourg,2015,,55.89,,,,,
dataflow,ESTAT:ISOC_SK_DSKL_I$DEFAULTVIEW(1.0),Individuals' level of digital skills (2015-2019),A,Annual,I_DSK_AB,Individuals who have above basic overall digital skills,IND_TOTAL,All individuals,PC_IND,Percentage of individuals,LU,Luxembourg,2016,,54.15,,,,,
dataflow,ESTAT:ISOC_SK_DSKL_I$DEFAULTVIEW(1.0),Individuals' level of digital skills (2015-2019),A,Annual,I_DSK_AB,Individuals who have above basic overall digital skills,IND_TOTAL,All individuals,PC_IND,Percentage of individuals,LU,Luxembourg,2017,,55.25,,,,,
dataflow,ESTAT:ISOC_SK_DSKL_I$DEFAULTVIEW(1.0),Individuals' level of digital skills (2015-2019),A,Annual,I_DSK_AB,Individuals who have above basic overall digital skills,IND_TOTAL,All individuals,PC_IND,Percentage of individuals,LU,Luxembourg,2019,,35.76,,b,break in time series,,
dataflow,ESTAT:ISOC_SK_DSKL_I$DEFAULTVIEW(1.0),Individuals' level of digital skills (2015-2019),A,Annual,I_DSK_AB,Individuals who have above basic overall digital skills,IND_TOTAL,All individuals,PC_IND,Percentage of individuals,LV,Latvia,2015,,25.54,,,,,
dataflow,ESTAT:ISOC_SK_DSKL_I$DEFAULTVIEW(1.0),Individuals' level of digital skills (2015-2019),A,Annual,I_DSK_AB,Individuals who have above basic overall digital skills,IND_TOTAL,All individuals,PC_IND,Percentage of individuals,LV,Latvia,2016,,26.63,,b,break in time series,,
dataflow,ESTAT:ISOC_SK_DSKL_I$DEFAULTVIEW(1.0),Individuals' level of digital skills (2015-2019),A,Annual,I_DSK_AB,Individuals who have above basic overall digital skills,IND_TOTAL,All individuals,PC_IND,Percentage of individuals,LV,Latvia,2017,,26.80,,,,,
dataflow,ESTAT:ISOC_SK_DSKL_I$DEFAULTVIEW(1.0),Individuals' level of digital skills (2015-2019),A,Annual,I_DSK_AB,Individuals who have above basic overall digital skills,IND_TOTAL,All individuals,PC_IND,Percentage of individuals,LV,Latvia,2019,,24.45,,b,break in time series,,
dataflow,ESTAT:ISOC_SK_DSKL_I$DEFAULTVIEW(1.0),Individuals' level of digital skills (2015-2019),A,Annual,I_DSK_AB,Individuals who have above basic overall digital skills,IND_TOTAL,All individuals,PC_IND,Percentage of individuals,ME,Montenegro,2017,,14.33,,,,,
dataflow,ESTAT:ISOC_SK_DSKL_I$DEFAULTVIEW(1.0),Individuals' level of digital skills (2015-2019),A,Annual,I_DSK_AB,Individuals who have above basic overall digital skills,IND_TOTAL,All individuals,PC_IND,Percentage of individuals,ME,Montenegro,2019,,,,u,low reliability,,
dataflow,ESTAT:ISOC_SK_DSKL_I$DEFAULTVIEW(1.0),Individuals' level of digital skills (2015-2019),A,Annual,I_DSK_AB,Individuals who have above basic overall digital skills,IND_TOTAL,All individuals,PC_IND,Percentage of individuals,MK,North Macedonia,2015,,13.84,,,,,
dataflow,ESTAT:ISOC_SK_DSKL_I$DEFAULTVIEW(1.0),Individuals' level of digital skills (2015-2019),A,Annual,I_DSK_AB,Individuals who have above basic overall digital skills,IND_TOTAL,All individuals,PC_IND,Percentage of individuals,MK,North Macedonia,2016,,13.25,,,,,
dataflow,ESTAT:ISOC_SK_DSKL_I$DEFAULTVIEW(1.0),Individuals' level of digital skills (2015-2019),A,Annual,I_DSK_AB,Individuals who have above basic overall digital skills,IND_TOTAL,All individuals,PC_IND,Percentage of individuals,MK,North Macedonia,2017,,12.21,,,,,
dataflow,ESTAT:ISOC_SK_DSKL_I$DEFAULTVIEW(1.0),Individuals' level of digital skills (2015-2019),A,Annual,I_DSK_AB,Individuals who have above basic overall digital skills,IND_TOTAL,All individuals,PC_IND,Percentage of individuals,MK,North Macedonia,2019,,15.07,,,,,
dataflow,ESTAT:ISOC_SK_DSKL_I$DEFAULTVIEW(1.0),Individuals' level of digital skills (2015-2019),A,Annual,I_DSK_AB,Individuals who have above basic overall digital skills,IND_TOTAL,All individuals,PC_IND,Percentage of individuals,MT,Malta,2015,,34.54,,,,,
dataflow,ESTAT:ISOC_SK_DSKL_I$DEFAULTVIEW(1.0),Individuals' level of digital skills (2015-2019),A,Annual,I_DSK_AB,Individuals who have above basic overall digital skills,IND_TOTAL,All individuals,PC_IND,Percentage of individuals,MT,Malta,2016,,31.95,,,,,
dataflow,ESTAT:ISOC_SK_DSKL_I$DEFAULTVIEW(1.0),Individuals' level of digital skills (2015-2019),A,Annual,I_DSK_AB,Individuals who have above basic overall digital skills,IND_TOTAL,All individuals,PC_IND,Percentage of individuals,MT,Malta,2017,,38.70,,,,,
dataflow,ESTAT:ISOC_SK_DSKL_I$DEFAULTVIEW(1.0),Individuals' level of digital skills (2015-2019),A,Annual,I_DSK_AB,Individuals who have above basic overall digital skills,IND_TOTAL,All individuals,PC_IND,Percentage of individuals,MT,Malta,2019,,38.25,,,,,
dataflow,ESTAT:ISOC_SK_DSKL_I$DEFAULTVIEW(1.0),Individuals' level of digital skills (2015-2019),A,Annual,I_DSK_AB,Individuals who have above basic overall digital skills,IND_TOTAL,All individuals,PC_IND,Percentage of individuals,NL,Netherlands,2015,,42.52,,,,,
dataflow,ESTAT:ISOC_SK_DSKL_I$DEFAULTVIEW(1.0),Individuals' level of digital skills (2015-2019),A,Annual,I_DSK_AB,Individuals who have above basic overall digital skills,IND_TOTAL,All individuals,PC_IND,Percentage of individuals,NL,Netherlands,2016,,44.87,,,,,
dataflow,ESTAT:ISOC_SK_DSKL_I$DEFAULTVIEW(1.0),Individuals' level of digital skills (2015-2019),A,Annual,I_DSK_AB,Individuals who have above basic overall digital skills,IND_TOTAL,All individuals,PC_IND,Percentage of individuals,NL,Netherlands,2017,,47.85,,,,,
dataflow,ESTAT:ISOC_SK_DSKL_I$DEFAULTVIEW(1.0),Individuals' level of digital skills (2015-2019),A,Annual,I_DSK_AB,Individuals who have above basic overall digital skills,IND_TOTAL,All individuals,PC_IND,Percentage of individuals,NL,Netherlands,2019,,49.56,,,,,
dataflow,ESTAT:ISOC_SK_DSKL_I$DEFAULTVIEW(1.0),Individuals' level of digital skills (2015-2019),A,Annual,I_DSK_AB,Individuals who have above basic overall digital skills,IND_TOTAL,All individuals,PC_IND,Percentage of individuals,NO,Norway,2015,,49.43,,,,,
dataflow,ESTAT:ISOC_SK_DSKL_I$DEFAULTVIEW(1.0),Individuals' level of digital skills (2015-2019),A,Annual,I_DSK_AB,Individuals who have above basic overall digital skills,IND_TOTAL,All individuals,PC_IND,Percentage of individuals,NO,Norway,2016,,45.46,,,,,
dataflow,ESTAT:ISOC_SK_DSKL_I$DEFAULTVIEW(1.0),Individuals' level of digital skills (2015-2019),A,Annual,I_DSK_AB,Individuals who have above basic overall digital skills,IND_TOTAL,All individuals,PC_IND,Percentage of individuals,NO,Norway,2017,,51.24,,,,,
dataflow,ESTAT:ISOC_SK_DSKL_I$DEFAULTVIEW(1.0),Individuals' level of digital skills (2015-2019),A,Annual,I_DSK_AB,Individuals who have above basic overall digital skills,IND_TOTAL,All individuals,PC_IND,Percentage of individuals,NO,Norway,2019,,51.09,,,,,
dataflow,ESTAT:ISOC_SK_DSKL_I$DEFAULTVIEW(1.0),Individuals' level of digital skills (2015-2019),A,Annual,I_DSK_AB,Individuals who have above basic overall digital skills,IND_TOTAL,All individuals,PC_IND,Percentage of individuals,PL,Poland,2015,,15.07,,,,,
dataflow,ESTAT:ISOC_SK_DSKL_I$DEFAULTVIEW(1.0),Individuals' level of digital skills (2015-2019),A,Annual,I_DSK_AB,Individuals who have above basic overall digital skills,IND_TOTAL,All individuals,PC_IND,Percentage of individuals,PL,Poland,2016,,19.40,,,,,
dataflow,ESTAT:ISOC_SK_DSKL_I$DEFAULTVIEW(1.0),Individuals' level of digital skills (2015-2019),A,Annual,I_DSK_AB,Individuals who have above basic overall digital skills,IND_TOTAL,All individuals,PC_IND,Percentage of individuals,PL,Poland,2017,,21.13,,,,,
dataflow,ESTAT:ISOC_SK_DSKL_I$DEFAULTVIEW(1.0),Individuals' level of digital skills (2015-2019),A,Annual,I_DSK_AB,Individuals who have above basic overall digital skills,IND_TOTAL,All individuals,PC_IND,Percentage of individuals,PL,Poland,2019,,21.29,,,,,
dataflow,ESTAT:ISOC_SK_DSKL_I$DEFAULTVIEW(1.0),Individuals' level of digital skills (2015-2019),A,Annual,I_DSK_AB,Individuals who have above basic overall digital skills,IND_TOTAL,All individuals,PC_IND,Percentage of individuals,PT,Portugal,2015,,27.88,,,,,
dataflow,ESTAT:ISOC_SK_DSKL_I$DEFAULTVIEW(1.0),Individuals' level of digital skills (2015-2019),A,Annual,I_DSK_AB,Individuals who have above basic overall digital skills,IND_TOTAL,All individuals,PC_IND,Percentage of individuals,PT,Portugal,2016,,28.34,,,,,
dataflow,ESTAT:ISOC_SK_DSKL_I$DEFAULTVIEW(1.0),Individuals' level of digital skills (2015-2019),A,Annual,I_DSK_AB,Individuals who have above basic overall digital skills,IND_TOTAL,All individuals,PC_IND,Percentage of individuals,PT,Portugal,2017,,30.75,,,,,
dataflow,ESTAT:ISOC_SK_DSKL_I$DEFAULTVIEW(1.0),Individuals' level of digital skills (2015-2019),A,Annual,I_DSK_AB,Individuals who have above basic overall digital skills,IND_TOTAL,All individuals,PC_IND,Percentage of individuals,PT,Portugal,2019,,32.10,,,,,
dataflow,ESTAT:ISOC_SK_DSKL_I$DEFAULTVIEW(1.0),Individuals' level of digital skills (2015-2019),A,Annual,I_DSK_AB,Individuals who have above basic overall digital skills,IND_TOTAL,All individuals,PC_IND,Percentage of individuals,RO,Romania,2015,,8.97,,,,,
dataflow,ESTAT:ISOC_SK_DSKL_I$DEFAULTVIEW(1.0),Individuals' level of digital skills (2015-2019),A,Annual,I_DSK_AB,Individuals who have above basic overall digital skills,IND_TOTAL,All individuals,PC_IND,Percentage of individuals,RO,Romania,2016,,8.59,,,,,
dataflow,ESTAT:ISOC_SK_DSKL_I$DEFAULTVIEW(1.0),Individuals' level of digital skills (2015-2019),A,Annual,I_DSK_AB,Individuals who have above basic overall digital skills,IND_TOTAL,All individuals,PC_IND,Percentage of individuals,RO,Romania,2017,,10.15,,,,,
dataflow,ESTAT:ISOC_SK_DSKL_I$DEFAULTVIEW(1.0),Individuals' level of digital skills (2015-2019),A,Annual,I_DSK_AB,Individuals who have above basic overall digital skills,IND_TOTAL,All individuals,PC_IND,Percentage of individuals,RO,Romania,2019,,10.33,,,,,
dataflow,ESTAT:ISOC_SK_DSKL_I$DEFAULTVIEW(1.0),Individuals' level of digital skills (2015-2019),A,Annual,I_DSK_AB,Individuals who have above basic overall digital skills,IND_TOTAL,All individuals,PC_IND,Percentage of individuals,RS,Serbia,2015,,12.24,,,,,
dataflow,ESTAT:ISOC_SK_DSKL_I$DEFAULTVIEW(1.0),Individuals' level of digital skills (2015-2019),A,Annual,I_DSK_AB,Individuals who have above basic overall digital skills,IND_TOTAL,All individuals,PC_IND,Percentage of individuals,RS,Serbia,2017,,19.26,,,,,
dataflow,ESTAT:ISOC_SK_DSKL_I$DEFAULTVIEW(1.0),Individuals' level of digital skills (2015-2019),A,Annual,I_DSK_AB,Individuals who have above basic overall digital skills,IND_TOTAL,All individuals,PC_IND,Percentage of individuals,RS,Serbia,2019,,19.83,,,,,
dataflow,ESTAT:ISOC_SK_DSKL_I$DEFAULTVIEW(1.0),Individuals' level of digital skills (2015-2019),A,Annual,I_DSK_AB,Individuals who have above basic overall digital skills,IND_TOTAL,All individuals,PC_IND,Percentage of individuals,SE,Sweden,2015,,35.24,,,,,
dataflow,ESTAT:ISOC_SK_DSKL_I$DEFAULTVIEW(1.0),Individuals' level of digital skills (2015-2019),A,Annual,I_DSK_AB,Individuals who have above basic overall digital skills,IND_TOTAL,All individuals,PC_IND,Percentage of individuals,SE,Sweden,2016,,38.80,,b,break in time series,,
dataflow,ESTAT:ISOC_SK_DSKL_I$DEFAULTVIEW(1.0),Individuals' level of digital skills (2015-2019),A,Annual,I_DSK_AB,Individuals who have above basic overall digital skills,IND_TOTAL,All individuals,PC_IND,Percentage of individuals,SE,Sweden,2017,,46.38,,,,,
dataflow,ESTAT:ISOC_SK_DSKL_I$DEFAULTVIEW(1.0),Individuals' level of digital skills (2015-2019),A,Annual,I_DSK_AB,Individuals who have above basic overall digital skills,IND_TOTAL,All individuals,PC_IND,Percentage of individuals,SE,Sweden,2019,,46.04,,u,low reliability,,
dataflow,ESTAT:ISOC_SK_DSKL_I$DEFAULTVIEW(1.0),Individuals' level of digital skills (2015-2019),A,Annual,I_DSK_AB,Individuals who have above basic overall digital skills,IND_TOTAL,All individuals,PC_IND,Percentage of individuals,SI,Slovenia,2015,,25.62,,,,,
dataflow,ESTAT:ISOC_SK_DSKL_I$DEFAULTVIEW(1.0),Individuals' level of digital skills (2015-2019),A,Annual,I_DSK_AB,Individuals who have above basic overall digital skills,IND_TOTAL,All individuals,PC_IND,Percentage of individuals,SI,Slovenia,2016,,27.78,,,,,
dataflow,ESTAT:ISOC_SK_DSKL_I$DEFAULTVIEW(1.0),Individuals' level of digital skills (2015-2019),A,Annual,I_DSK_AB,Individuals who have above basic overall digital skills,IND_TOTAL,All individuals,PC_IND,Percentage of individuals,SI,Slovenia,2017,,29.69,,,,,
dataflow,ESTAT:ISOC_SK_DSKL_I$DEFAULTVIEW(1.0),Individuals' level of digital skills (2015-2019),A,Annual,I_DSK_AB,Individuals who have above basic overall digital skills,IND_TOTAL,All individuals,PC_IND,Percentage of individuals,SI,Slovenia,2019,,31.07,,,,,
dataflow,ESTAT:ISOC_SK_DSKL_I$DEFAULTVIEW(1.0),Individuals' level of digital skills (2015-2019),A,Annual,I_DSK_AB,Individuals who have above basic overall digital skills,IND_TOTAL,All individuals,PC_IND,Percentage of individuals,SK,Slovakia,2015,,26.07,,,,,
dataflow,ESTAT:ISOC_SK_DSKL_I$DEFAULTVIEW(1.0),Individuals' level of digital skills (2015-2019),A,Annual,I_DSK_AB,Individuals who have above basic overall digital skills,IND_TOTAL,All individuals,PC_IND,Percentage of individuals,SK,Slovakia,2016,,29.12,,,,,
dataflow,ESTAT:ISOC_SK_DSKL_I$DEFAULTVIEW(1.0),Individuals' level of digital skills (2015-2019),A,Annual,I_DSK_AB,Individuals who have above basic overall digital skills,IND_TOTAL,All individuals,PC_IND,Percentage of individuals,SK,Slovakia,2017,,33.07,,,,,
dataflow,ESTAT:ISOC_SK_DSKL_I$DEFAULTVIEW(1.0),Individuals' level of digital skills (2015-2019),A,Annual,I_DSK_AB,Individuals who have above basic overall digital skills,IND_TOTAL,All individuals,PC_IND,Percentage of individuals,SK,Slovakia,2019,,27.07,,,,,
dataflow,ESTAT:ISOC_SK_DSKL_I$DEFAULTVIEW(1.0),Individuals' level of digital skills (2015-2019),A,Annual,I_DSK_AB,Individuals who have above basic overall digital skills,IND_TOTAL,All individuals,PC_IND,Percentage of individuals,TR,Türkiye,2015,,11.59,,,,,
dataflow,ESTAT:ISOC_SK_DSKL_I$DEFAULTVIEW(1.0),Individuals' level of digital skills (2015-2019),A,Annual,I_DSK_AB,Individuals who have above basic overall digital skills,IND_TOTAL,All individuals,PC_IND,Percentage of individuals,TR,Türkiye,2016,,15.58,,,,,
dataflow,ESTAT:ISOC_SK_DSKL_I$DEFAULTVIEW(1.0),Individuals' level of digital skills (2015-2019),A,Annual,I_DSK_AB,Individuals who have above basic overall digital skills,IND_TOTAL,All individuals,PC_IND,Percentage of individuals,TR,Türkiye,2017,,19.59,,,,,
dataflow,ESTAT:ISOC_SK_DSKL_I$DEFAULTVIEW(1.0),Individuals' level of digital skills (2015-2019),A,Annual,I_DSK_AB,Individuals who have above basic overall digital skills,IND_TOTAL,All individuals,PC_IND,Percentage of individuals,TR,Türkiye,2019,,24.31,,,,,
dataflow,ESTAT:ISOC_SK_DSKL_I$DEFAULTVIEW(1.0),Individuals' level of digital skills (2015-2019),A,Annual,I_DSK_AB,Individuals who have above basic overall digital skills,IND_TOTAL,All individuals,PC_IND,Percentage of individuals,UK,United Kingdom,2015,,39.86,,,,,
dataflow,ESTAT:ISOC_SK_DSKL_I$DEFAULTVIEW(1.0),Individuals' level of digital skills (2015-2019),A,Annual,I_DSK_AB,Individuals who have above basic overall digital skills,IND_TOTAL,All individuals,PC_IND,Percentage of individuals,UK,United Kingdom,2016,,43.09,,,,,
dataflow,ESTAT:ISOC_SK_DSKL_I$DEFAULTVIEW(1.0),Individuals' level of digital skills (2015-2019),A,Annual,I_DSK_AB,Individuals who have above basic overall digital skills,IND_TOTAL,All individuals,PC_IND,Percentage of individuals,UK,United Kingdom,2017,,46.02,,,,,
dataflow,ESTAT:ISOC_SK_DSKL_I$DEFAULTVIEW(1.0),Individuals' level of digital skills (2015-2019),A,Annual,I_DSK_AB,Individuals who have above basic overall digital skills,IND_TOTAL,All individuals,PC_IND,Percentage of individuals,UK,United Kingdom,2019,,48.85,,,,,
dataflow,ESTAT:ISOC_SK_DSKL_I$DEFAULTVIEW(1.0),Individuals' level of digital skills (2015-2019),A,Annual,I_DSK_AB,Individuals who have above basic overall digital skills,IND_TOTAL,All individuals,PC_IND,Percentage of individuals,XK,Kosovo*,2017,,5.47,,,,,
dataflow,ESTAT:ISOC_SK_DSKL_I$DEFAULTVIEW(1.0),Individuals' level of digital skills (2015-2019),A,Annual,I_DSK_AB,Individuals who have above basic overall digital skills,IND_TOTAL,All individuals,PC_IND,Percentage of individuals,XK,Kosovo*,2019,,14.33,,,,,
dataflow,ESTAT:ISOC_SK_DSKL_I$DEFAULTVIEW(1.0),Individuals' level of digital skills (2015-2019),A,Annual,I_DSK_B,Individuals who have basic overall digital skills,IND_TOTAL,All individuals,PC_IND,Percentage of individuals,AL,Albania,2019,,14.15,,,,,
dataflow,ESTAT:ISOC_SK_DSKL_I$DEFAULTVIEW(1.0),Individuals' level of digital skills (2015-2019),A,Annual,I_DSK_B,Individuals who have basic overall digital skills,IND_TOTAL,All individuals,PC_IND,Percentage of individuals,AT,Austria,2015,,31.21,,,,,
dataflow,ESTAT:ISOC_SK_DSKL_I$DEFAULTVIEW(1.0),Individuals' level of digital skills (2015-2019),A,Annual,I_DSK_B,Individuals who have basic overall digital skills,IND_TOTAL,All individuals,PC_IND,Percentage of individuals,AT,Austria,2016,,30.86,,,,,
dataflow,ESTAT:ISOC_SK_DSKL_I$DEFAULTVIEW(1.0),Individuals' level of digital skills (2015-2019),A,Annual,I_DSK_B,Individuals who have basic overall digital skills,IND_TOTAL,All individuals,PC_IND,Percentage of individuals,AT,Austria,2017,,31.23,,,,,
dataflow,ESTAT:ISOC_SK_DSKL_I$DEFAULTVIEW(1.0),Individuals' level of digital skills (2015-2019),A,Annual,I_DSK_B,Individuals who have basic overall digital skills,IND_TOTAL,All individuals,PC_IND,Percentage of individuals,AT,Austria,2019,,26.33,,,,,
dataflow,ESTAT:ISOC_SK_DSKL_I$DEFAULTVIEW(1.0),Individuals' level of digital skills (2015-2019),A,Annual,I_DSK_B,Individuals who have basic overall digital skills,IND_TOTAL,All individuals,PC_IND,Percentage of individuals,BA,Bosnia and Herzegovina,2019,,16.36,,,,,
dataflow,ESTAT:ISOC_SK_DSKL_I$DEFAULTVIEW(1.0),Individuals' level of digital skills (2015-2019),A,Annual,I_DSK_B,Individuals who have basic overall digital skills,IND_TOTAL,All individuals,PC_IND,Percentage of individuals,BE,Belgium,2015,,29.16,,,,,
dataflow,ESTAT:ISOC_SK_DSKL_I$DEFAULTVIEW(1.0),Individuals' level of digital skills (2015-2019),A,Annual,I_DSK_B,Individuals who have basic overall digital skills,IND_TOTAL,All individuals,PC_IND,Percentage of individuals,BE,Belgium,2016,,29.37,,,,,
dataflow,ESTAT:ISOC_SK_DSKL_I$DEFAULTVIEW(1.0),Individuals' level of digital skills (2015-2019),A,Annual,I_DSK_B,Individuals who have basic overall digital skills,IND_TOTAL,All individuals,PC_IND,Percentage of individuals,BE,Belgium,2017,,29.57,,,,,
dataflow,ESTAT:ISOC_SK_DSKL_I$DEFAULTVIEW(1.0),Individuals' level of digital skills (2015-2019),A,Annual,I_DSK_B,Individuals who have basic overall digital skills,IND_TOTAL,All individuals,PC_IND,Percentage of individuals,BE,Belgium,2019,,26.65,,,,,
dataflow,ESTAT:ISOC_SK_DSKL_I$DEFAULTVIEW(1.0),Individuals' level of digital skills (2015-2019),A,Annual,I_DSK_B,Individuals who have basic overall digital skills,IND_TOTAL,All individuals,PC_IND,Percentage of individuals,BG,Bulgaria,2015,,18.46,,,,,
dataflow,ESTAT:ISOC_SK_DSKL_I$DEFAULTVIEW(1.0),Individuals' level of digital skills (2015-2019),A,Annual,I_DSK_B,Individuals who have basic overall digital skills,IND_TOTAL,All individuals,PC_IND,Percentage of individuals,BG,Bulgaria,2016,,16.17,,,,,
dataflow,ESTAT:ISOC_SK_DSKL_I$DEFAULTVIEW(1.0),Individuals' level of digital skills (2015-2019),A,Annual,I_DSK_B,Individuals who have basic overall digital skills,IND_TOTAL,All individuals,PC_IND,Percentage of individuals,BG,Bulgaria,2017,,18.44,,,,,
dataflow,ESTAT:ISOC_SK_DSKL_I$DEFAULTVIEW(1.0),Individuals' level of digital skills (2015-2019),A,Annual,I_DSK_B,Individuals who have basic overall digital skills,IND_TOTAL,All individuals,PC_IND,Percentage of individuals,BG,Bulgaria,2019,,18.11,,,,,
dataflow,ESTAT:ISOC_SK_DSKL_I$DEFAULTVIEW(1.0),Individuals' level of digital skills (2015-2019),A,Annual,I_DSK_B,Individuals who have basic overall digital skills,IND_TOTAL,All individuals,PC_IND,Percentage of individuals,CH,Switzerland,2017,,32.75,,b,break in time series,,
dataflow,ESTAT:ISOC_SK_DSKL_I$DEFAULTVIEW(1.0),Individuals' level of digital skills (2015-2019),A,Annual,I_DSK_B,Individuals who have basic overall digital skills,IND_TOTAL,All individuals,PC_IND,Percentage of individuals,CH,Switzerland,2019,,27.48,,b,break in time series,,
dataflow,ESTAT:ISOC_SK_DSKL_I$DEFAULTVIEW(1.0),Individuals' level of digital skills (2015-2019),A,Annual,I_DSK_B,Individuals who have basic overall digital skills,IND_TOTAL,All individuals,PC_IND,Percentage of individuals,CY,Cyprus,2015,,27.19,,,,,
dataflow,ESTAT:ISOC_SK_DSKL_I$DEFAULTVIEW(1.0),Individuals' level of digital skills (2015-2019),A,Annual,I_DSK_B,Individuals who have basic overall digital skills,IND_TOTAL,All individuals,PC_IND,Percentage of individuals,CY,Cyprus,2016,,22.48,,,,,
dataflow,ESTAT:ISOC_SK_DSKL_I$DEFAULTVIEW(1.0),Individuals' level of digital skills (2015-2019),A,Annual,I_DSK_B,Individuals who have basic overall digital skills,IND_TOTAL,All individuals,PC_IND,Percentage of individuals,CY,Cyprus,2017,,31.67,,,,,
dataflow,ESTAT:ISOC_SK_DSKL_I$DEFAULTVIEW(1.0),Individuals' level of digital skills (2015-2019),A,Annual,I_DSK_B,Individuals who have basic overall digital skills,IND_TOTAL,All individuals,PC_IND,Percentage of individuals,CY,Cyprus,2019,,19.79,,,,,
dataflow,ESTAT:ISOC_SK_DSKL_I$DEFAULTVIEW(1.0),Individuals' level of digital skills (2015-2019),A,Annual,I_DSK_B,Individuals who have basic overall digital skills,IND_TOTAL,All individuals,PC_IND,Percentage of individuals,CZ,Czechia,2015,,33.97,,,,,
dataflow,ESTAT:ISOC_SK_DSKL_I$DEFAULTVIEW(1.0),Individuals' level of digital skills (2015-2019),A,Annual,I_DSK_B,Individuals who have basic overall digital skills,IND_TOTAL,All individuals,PC_IND,Percentage of individuals,CZ,Czechia,2016,,33.38,,,,,
dataflow,ESTAT:ISOC_SK_DSKL_I$DEFAULTVIEW(1.0),Individuals' level of digital skills (2015-2019),A,Annual,I_DSK_B,Individuals who have basic overall digital skills,IND_TOTAL,All individuals,PC_IND,Percentage of individuals,CZ,Czechia,2017,,35.78,,,,,
dataflow,ESTAT:ISOC_SK_DSKL_I$DEFAULTVIEW(1.0),Individuals' level of digital skills (2015-2019),A,Annual,I_DSK_B,Individuals who have basic overall digital skills,IND_TOTAL,All individuals,PC_IND,Percentage of individuals,CZ,Czechia,2019,,36.30,,b,break in time series,,
dataflow,ESTAT:ISOC_SK_DSKL_I$DEFAULTVIEW(1.0),Individuals' level of digital skills (2015-2019),A,Annual,I_DSK_B,Individuals who have basic overall digital skills,IND_TOTAL,All individuals,PC_IND,Percentage of individuals,DE,Germany,2015,,31.42,,,,,
dataflow,ESTAT:ISOC_SK_DSKL_I$DEFAULTVIEW(1.0),Individuals' level of digital skills (2015-2019),A,Annual,I_DSK_B,Individuals who have basic overall digital skills,IND_TOTAL,All individuals,PC_IND,Percentage of individuals,DE,Germany,2016,,34.06,,,,,
dataflow,ESTAT:ISOC_SK_DSKL_I$DEFAULTVIEW(1.0),Individuals' level of digital skills (2015-2019),A,Annual,I_DSK_B,Individuals who have basic overall digital skills,IND_TOTAL,All individuals,PC_IND,Percentage of individuals,DE,Germany,2017,,31.46,,,,,
dataflow,ESTAT:ISOC_SK_DSKL_I$DEFAULTVIEW(1.0),Individuals' level of digital skills (2015-2019),A,Annual,I_DSK_B,Individuals who have basic overall digital skills,IND_TOTAL,All individuals,PC_IND,Percentage of individuals,DE,Germany,2019,,31.32,,,,,
dataflow,ESTAT:ISOC_SK_DSKL_I$DEFAULTVIEW(1.0),Individuals' level of digital skills (2015-2019),A,Annual,I_DSK_B,Individuals who have basic overall digital skills,IND_TOTAL,All individuals,PC_IND,Percentage of individuals,DK,Denmark,2015,,26.45,,,,,
dataflow,ESTAT:ISOC_SK_DSKL_I$DEFAULTVIEW(1.0),Individuals' level of digital skills (2015-2019),A,Annual,I_DSK_B,Individuals who have basic overall digital skills,IND_TOTAL,All individuals,PC_IND,Percentage of individuals,DK,Denmark,2016,,24.59,,,,,
dataflow,ESTAT:ISOC_SK_DSKL_I$DEFAULTVIEW(1.0),Individuals' level of digital skills (2015-2019),A,Annual,I_DSK_B,Individuals who have basic overall digital skills,IND_TOTAL,All individuals,PC_IND,Percentage of individuals,DK,Denmark,2017,,23.98,,,,,
dataflow,ESTAT:ISOC_SK_DSKL_I$DEFAULTVIEW(1.0),Individuals' level of digital skills (2015-2019),A,Annual,I_DSK_B,Individuals who have basic overall digital skills,IND_TOTAL,All individuals,PC_IND,Percentage of individuals,DK,Denmark,2019,,21.46,,,,,
dataflow,ESTAT:ISOC_SK_DSKL_I$DEFAULTVIEW(1.0),Individuals' level of digital skills (2015-2019),A,Annual,I_DSK_B,Individuals who have basic overall digital skills,IND_TOTAL,All individuals,PC_IND,Percentage of individuals,EA,"Euro area (EA11-1999, EA12-2001, EA13-2007, EA15-2008, EA16-2009, EA17-2011, EA18-2014, EA19-2015, EA20-2023, EA21-2026)",2015,,27.68,,,,,
dataflow,ESTAT:ISOC_SK_DSKL_I$DEFAULTVIEW(1.0),Individuals' level of digital skills (2015-2019),A,Annual,I_DSK_B,Individuals who have basic overall digital skills,IND_TOTAL,All individuals,PC_IND,Percentage of individuals,EA,"Euro area (EA11-1999, EA12-2001, EA13-2007, EA15-2008, EA16-2009, EA17-2011, EA18-2014, EA19-2015, EA20-2023, EA21-2026)",2016,,27.80,,,,,
dataflow,ESTAT:ISOC_SK_DSKL_I$DEFAULTVIEW(1.0),Individuals' level of digital skills (2015-2019),A,Annual,I_DSK_B,Individuals who have basic overall digital skills,IND_TOTAL,All individuals,PC_IND,Percentage of individuals,EA,"Euro area (EA11-1999, EA12-2001, EA13-2007, EA15-2008, EA16-2009, EA17-2011, EA18-2014, EA19-2015, EA20-2023, EA21-2026)",2017,,26.67,,,,,
dataflow,ESTAT:ISOC_SK_DSKL_I$DEFAULTVIEW(1.0),Individuals' level of digital skills (2015-2019),A,Annual,I_DSK_B,Individuals who have basic overall digital skills,IND_TOTAL,All individuals,PC_IND,Percentage of individuals,EA,"Euro area (EA11-1999, EA12-2001, EA13-2007, EA15-2008, EA16-2009, EA17-2011, EA18-2014, EA19-2015, EA20-2023, EA21-2026)",2019,,25.41,,,,,
dataflow,ESTAT:ISOC_SK_DSKL_I$DEFAULTVIEW(1.0),Individuals' level of digital skills (2015-2019),A,Annual,I_DSK_B,Individuals who have basic overall digital skills,IND_TOTAL,All individuals,PC_IND,Percentage of individuals,EE,Estonia,2015,,27.07,,,,,
dataflow,ESTAT:ISOC_SK_DSKL_I$DEFAULTVIEW(1.0),Individuals' level of digital skills (2015-2019),A,Annual,I_DSK_B,Individuals who have basic overall digital skills,IND_TOTAL,All individuals,PC_IND,Percentage of individuals,EE,Estonia,2016,,25.57,,,,,
dataflow,ESTAT:ISOC_SK_DSKL_I$DEFAULTVIEW(1.0),Individuals' level of digital skills (2015-2019),A,Annual,I_DSK_B,Individuals who have basic overall digital skills,IND_TOTAL,All individuals,PC_IND,Percentage of individuals,EE,Estonia,2017,,25.47,,,,,
dataflow,ESTAT:ISOC_SK_DSKL_I$DEFAULTVIEW(1.0),Individuals' level of digital skills (2015-2019),A,Annual,I_DSK_B,Individuals who have basic overall digital skills,IND_TOTAL,All individuals,PC_IND,Percentage of individuals,EE,Estonia,2019,,24.55,,,,,
dataflow,ESTAT:ISOC_SK_DSKL_I$DEFAULTVIEW(1.0),Individuals' level of digital skills (2015-2019),A,Annual,I_DSK_B,Individuals who have basic overall digital skills,IND_TOTAL,All individuals,PC_IND,Percentage of individuals,EL,Greece,2015,,27.91,,,,,
dataflow,ESTAT:ISOC_SK_DSKL_I$DEFAULTVIEW(1.0),Individuals' level of digital skills (2015-2019),A,Annual,I_DSK_B,Individuals who have basic overall digital skills,IND_TOTAL,All individuals,PC_IND,Percentage of individuals,EL,Greece,2016,,26.49,,,,,
dataflow,ESTAT:ISOC_SK_DSKL_I$DEFAULTVIEW(1.0),Individuals' level of digital skills (2015-2019),A,Annual,I_DSK_B,Individuals who have basic overall digital skills,IND_TOTAL,All individuals,PC_IND,Percentage of individuals,EL,Greece,2017,,24.49,,,,,
dataflow,ESTAT:ISOC_SK_DSKL_I$DEFAULTVIEW(1.0),Individuals' level of digital skills (2015-2019),A,Annual,I_DSK_B,Individuals who have basic overall digital skills,IND_TOTAL,All individuals,PC_IND,Percentage of individuals,EL,Greece,2019,,27.20,,,,,
dataflow,ESTAT:ISOC_SK_DSKL_I$DEFAULTVIEW(1.0),Individuals' level of digital skills (2015-2019),A,Annual,I_DSK_B,Individuals who have basic overall digital skills,IND_TOTAL,All individuals,PC_IND,Percentage of individuals,ES,Spain,2015,,23.87,,,,,
dataflow,ESTAT:ISOC_SK_DSKL_I$DEFAULTVIEW(1.0),Individuals' level of digital skills (2015-2019),A,Annual,I_DSK_B,Individuals who have basic overall digital skills,IND_TOTAL,All individuals,PC_IND,Percentage of individuals,ES,Spain,2016,,22.63,,,,,
dataflow,ESTAT:ISOC_SK_DSKL_I$DEFAULTVIEW(1.0),Individuals' level of digital skills (2015-2019),A,Annual,I_DSK_B,Individuals who have basic overall digital skills,IND_TOTAL,All individuals,PC_IND,Percentage of individuals,ES,Spain,2017,,23.16,,,,,
dataflow,ESTAT:ISOC_SK_DSKL_I$DEFAULTVIEW(1.0),Individuals' level of digital skills (2015-2019),A,Annual,I_DSK_B,Individuals who have basic overall digital skills,IND_TOTAL,All individuals,PC_IND,Percentage of individuals,ES,Spain,2019,,21.11,,,,,
dataflow,ESTAT:ISOC_SK_DSKL_I$DEFAULTVIEW(1.0),Individuals' level of digital skills (2015-2019),A,Annual,I_DSK_B,Individuals who have basic overall digital skills,IND_TOTAL,All individuals,PC_IND,Percentage of individuals,EU15,European Union - 15 countries (1995-2004),2015,,27.94,,,,,
dataflow,ESTAT:ISOC_SK_DSKL_I$DEFAULTVIEW(1.0),Individuals' level of digital skills (2015-2019),A,Annual,I_DSK_B,Individuals who have basic overall digital skills,IND_TOTAL,All individuals,PC_IND,Percentage of individuals,EU15,European Union - 15 countries (1995-2004),2016,,27.59,,,,,
dataflow,ESTAT:ISOC_SK_DSKL_I$DEFAULTVIEW(1.0),Individuals' level of digital skills (2015-2019),A,Annual,I_DSK_B,Individuals who have basic overall digital skills,IND_TOTAL,All individuals,PC_IND,Percentage of individuals,EU15,European Union - 15 countries (1995-2004),2017,,26.47,,,,,
dataflow,ESTAT:ISOC_SK_DSKL_I$DEFAULTVIEW(1.0),Individuals' level of digital skills (2015-2019),A,Annual,I_DSK_B,Individuals who have basic overall digital skills,IND_TOTAL,All individuals,PC_IND,Percentage of individuals,EU27_2007,European Union - 27 countries (2007-2013),2015,,27.15,,,,,
dataflow,ESTAT:ISOC_SK_DSKL_I$DEFAULTVIEW(1.0),Individuals' level of digital skills (2015-2019),A,Annual,I_DSK_B,Individuals who have basic overall digital skills,IND_TOTAL,All individuals,PC_IND,Percentage of individuals,EU27_2007,European Union - 27 countries (2007-2013),2016,,26.90,,,,,
dataflow,ESTAT:ISOC_SK_DSKL_I$DEFAULTVIEW(1.0),Individuals' level of digital skills (2015-2019),A,Annual,I_DSK_B,Individuals who have basic overall digital skills,IND_TOTAL,All individuals,PC_IND,Percentage of individuals,EU27_2007,European Union - 27 countries (2007-2013),2017,,26.05,,,,,
dataflow,ESTAT:ISOC_SK_DSKL_I$DEFAULTVIEW(1.0),Individuals' level of digital skills (2015-2019),A,Annual,I_DSK_B,Individuals who have basic overall digital skills,IND_TOTAL,All individuals,PC_IND,Percentage of individuals,EU27_2020,European Union - 27 countries (from 2020),2015,,27.05,,,,,
dataflow,ESTAT:ISOC_SK_DSKL_I$DEFAULTVIEW(1.0),Individuals' level of digital skills (2015-2019),A,Annual,I_DSK_B,Individuals who have basic overall digital skills,IND_TOTAL,All individuals,PC_IND,Percentage of individuals,EU27_2020,European Union - 27 countries (from 2020),2016,,27.03,,,,,
dataflow,ESTAT:ISOC_SK_DSKL_I$DEFAULTVIEW(1.0),Individuals' level of digital skills (2015-2019),A,Annual,I_DSK_B,Individuals who have basic overall digital skills,IND_TOTAL,All individuals,PC_IND,Percentage of individuals,EU27_2020,European Union - 27 countries (from 2020),2017,,26.21,,,,,
dataflow,ESTAT:ISOC_SK_DSKL_I$DEFAULTVIEW(1.0),Individuals' level of digital skills (2015-2019),A,Annual,I_DSK_B,Individuals who have basic overall digital skills,IND_TOTAL,All individuals,PC_IND,Percentage of individuals,EU27_2020,European Union - 27 countries (from 2020),2019,,25.00,,,,,
dataflow,ESTAT:ISOC_SK_DSKL_I$DEFAULTVIEW(1.0),Individuals' level of digital skills (2015-2019),A,Annual,I_DSK_B,Individuals who have basic overall digital skills,IND_TOTAL,All individuals,PC_IND,Percentage of individuals,EU28,European Union - 28 countries (2013-2020),2015,,27.09,,,,,
dataflow,ESTAT:ISOC_SK_DSKL_I$DEFAULTVIEW(1.0),Individuals' level of digital skills (2015-2019),A,Annual,I_DSK_B,Individuals who have basic overall digital skills,IND_TOTAL,All individuals,PC_IND,Percentage of individuals,EU28,European Union - 28 countries (2013-2020),2016,,26.85,,,,,
dataflow,ESTAT:ISOC_SK_DSKL_I$DEFAULTVIEW(1.0),Individuals' level of digital skills (2015-2019),A,Annual,I_DSK_B,Individuals who have basic overall digital skills,IND_TOTAL,All individuals,PC_IND,Percentage of individuals,EU28,European Union - 28 countries (2013-2020),2017,,26.00,,,,,
dataflow,ESTAT:ISOC_SK_DSKL_I$DEFAULTVIEW(1.0),Individuals' level of digital skills (2015-2019),A,Annual,I_DSK_B,Individuals who have basic overall digital skills,IND_TOTAL,All individuals,PC_IND,Percentage of individuals,EU28,European Union - 28 countries (2013-2020),2019,,25.01,,,,,
dataflow,ESTAT:ISOC_SK_DSKL_I$DEFAULTVIEW(1.0),Individuals' level of digital skills (2015-2019),A,Annual,I_DSK_B,Individuals who have basic overall digital skills,IND_TOTAL,All individuals,PC_IND,Percentage of individuals,FI,Finland,2015,,33.04,,,,,
dataflow,ESTAT:ISOC_SK_DSKL_I$DEFAULTVIEW(1.0),Individuals' level of digital skills (2015-2019),A,Annual,I_DSK_B,Individuals who have basic overall digital skills,IND_TOTAL,All individuals,PC_IND,Percentage of individuals,FI,Finland,2016,,29.31,,,,,
dataflow,ESTAT:ISOC_SK_DSKL_I$DEFAULTVIEW(1.0),Individuals' level of digital skills (2015-2019),A,Annual,I_DSK_B,Individuals who have basic overall digital skills,IND_TOTAL,All individuals,PC_IND,Percentage of individuals,FI,Finland,2017,,30.32,,,,,
dataflow,ESTAT:ISOC_SK_DSKL_I$DEFAULTVIEW(1.0),Individuals' level of digital skills (2015-2019),A,Annual,I_DSK_B,Individuals who have basic overall digital skills,IND_TOTAL,All individuals,PC_IND,Percentage of individuals,FI,Finland,2019,,26.40,,,,,
dataflow,ESTAT:ISOC_SK_DSKL_I$DEFAULTVIEW(1.0),Individuals' level of digital skills (2015-2019),A,Annual,I_DSK_B,Individuals who have basic overall digital skills,IND_TOTAL,All individuals,PC_IND,Percentage of individuals,FR,France,2015,,29.93,,,,,
dataflow,ESTAT:ISOC_SK_DSKL_I$DEFAULTVIEW(1.0),Individuals' level of digital skills (2015-2019),A,Annual,I_DSK_B,Individuals who have basic overall digital skills,IND_TOTAL,All individuals,PC_IND,Percentage of individuals,FR,France,2016,,28.08,,,,,
dataflow,ESTAT:ISOC_SK_DSKL_I$DEFAULTVIEW(1.0),Individuals' level of digital skills (2015-2019),A,Annual,I_DSK_B,Individuals who have basic overall digital skills,IND_TOTAL,All individuals,PC_IND,Percentage of individuals,FR,France,2017,,27.89,,,,,
dataflow,ESTAT:ISOC_SK_DSKL_I$DEFAULTVIEW(1.0),Individuals' level of digital skills (2015-2019),A,Annual,I_DSK_B,Individuals who have basic overall digital skills,IND_TOTAL,All individuals,PC_IND,Percentage of individuals,FR,France,2019,,26.38,,,,,
dataflow,ESTAT:ISOC_SK_DSKL_I$DEFAULTVIEW(1.0),Individuals' level of digital skills (2015-2019),A,Annual,I_DSK_B,Individuals who have basic overall digital skills,IND_TOTAL,All individuals,PC_IND,Percentage of individuals,HR,Croatia,2015,,20.63,,,,,
dataflow,ESTAT:ISOC_SK_DSKL_I$DEFAULTVIEW(1.0),Individuals' level of digital skills (2015-2019),A,Annual,I_DSK_B,Individuals who have basic overall digital skills,IND_TOTAL,All individuals,PC_IND,Percentage of individuals,HR,Croatia,2016,,21.33,,,,,
dataflow,ESTAT:ISOC_SK_DSKL_I$DEFAULTVIEW(1.0),Individuals' level of digital skills (2015-2019),A,Annual,I_DSK_B,Individuals who have basic overall digital skills,IND_TOTAL,All individuals,PC_IND,Percentage of individuals,HR,Croatia,2017,,20.31,,,,,
dataflow,ESTAT:ISOC_SK_DSKL_I$DEFAULTVIEW(1.0),Individuals' level of digital skills (2015-2019),A,Annual,I_DSK_B,Individuals who have basic overall digital skills,IND_TOTAL,All individuals,PC_IND,Percentage of individuals,HR,Croatia,2019,,18.01,,,,,
dataflow,ESTAT:ISOC_SK_DSKL_I$DEFAULTVIEW(1.0),Individuals' level of digital skills (2015-2019),A,Annual,I_DSK_B,Individuals who have basic overall digital skills,IND_TOTAL,All individuals,PC_IND,Percentage of individuals,HU,Hungary,2015,,27.10,,,,,
dataflow,ESTAT:ISOC_SK_DSKL_I$DEFAULTVIEW(1.0),Individuals' level of digital skills (2015-2019),A,Annual,I_DSK_B,Individuals who have basic overall digital skills,IND_TOTAL,All individuals,PC_IND,Percentage of individuals,HU,Hungary,2016,,27.54,,,,,
dataflow,ESTAT:ISOC_SK_DSKL_I$DEFAULTVIEW(1.0),Individuals' level of digital skills (2015-2019),A,Annual,I_DSK_B,Individuals who have basic overall digital skills,IND_TOTAL,All individuals,PC_IND,Percentage of individuals,HU,Hungary,2017,,23.84,,,,,
dataflow,ESTAT:ISOC_SK_DSKL_I$DEFAULTVIEW(1.0),Individuals' level of digital skills (2015-2019),A,Annual,I_DSK_B,Individuals who have basic overall digital skills,IND_TOTAL,All individuals,PC_IND,Percentage of individuals,HU,Hungary,2019,,23.32,,,,,
dataflow,ESTAT:ISOC_SK_DSKL_I$DEFAULTVIEW(1.0),Individuals' level of digital skills (2015-2019),A,Annual,I_DSK_B,Individuals who have basic overall digital skills,IND_TOTAL,All individuals,PC_IND,Percentage of individuals,IE,Ireland,2015,,19.37,,,,,
dataflow,ESTAT:ISOC_SK_DSKL_I$DEFAULTVIEW(1.0),Individuals' level of digital skills (2015-2019),A,Annual,I_DSK_B,Individuals who have basic overall digital skills,IND_TOTAL,All individuals,PC_IND,Percentage of individuals,IE,Ireland,2016,,19.39,,,,,
dataflow,ESTAT:ISOC_SK_DSKL_I$DEFAULTVIEW(1.0),Individuals' level of digital skills (2015-2019),A,Annual,I_DSK_B,Individuals who have basic overall digital skills,IND_TOTAL,All individuals,PC_IND,Percentage of individuals,IE,Ireland,2017,,19.90,,,,,
dataflow,ESTAT:ISOC_SK_DSKL_I$DEFAULTVIEW(1.0),Individuals' level of digital skills (2015-2019),A,Annual,I_DSK_B,Individuals who have basic overall digital skills,IND_TOTAL,All individuals,PC_IND,Percentage of individuals,IE,Ireland,2019,,19.24,,,,,
dataflow,ESTAT:ISOC_SK_DSKL_I$DEFAULTVIEW(1.0),Individuals' level of digital skills (2015-2019),A,Annual,I_DSK_B,Individuals who have basic overall digital skills,IND_TOTAL,All individuals,PC_IND,Percentage of individuals,IS,Iceland,2017,,27.09,,,,,
dataflow,ESTAT:ISOC_SK_DSKL_I$DEFAULTVIEW(1.0),Individuals' level of digital skills (2015-2019),A,Annual,I_DSK_B,Individuals who have basic overall digital skills,IND_TOTAL,All individuals,PC_IND,Percentage of individuals,IS,Iceland,2019,,23.80,,,,,
dataflow,ESTAT:ISOC_SK_DSKL_I$DEFAULTVIEW(1.0),Individuals' level of digital skills (2015-2019),A,Annual,I_DSK_B,Individuals who have basic overall digital skills,IND_TOTAL,All individuals,PC_IND,Percentage of individuals,IT,Italy,2015,,23.98,,,,,
dataflow,ESTAT:ISOC_SK_DSKL_I$DEFAULTVIEW(1.0),Individuals' level of digital skills (2015-2019),A,Annual,I_DSK_B,Individuals who have basic overall digital skills,IND_TOTAL,All individuals,PC_IND,Percentage of individuals,IT,Italy,2016,,24.17,,,,,
dataflow,ESTAT:ISOC_SK_DSKL_I$DEFAULTVIEW(1.0),Individuals' level of digital skills (2015-2019),A,Annual,I_DSK_B,Individuals who have basic overall digital skills,IND_TOTAL,All individuals,PC_IND,Percentage of individuals,IT,Italy,2017,,,,u,low reliability,,
dataflow,ESTAT:ISOC_SK_DSKL_I$DEFAULTVIEW(1.0),Individuals' level of digital skills (2015-2019),A,Annual,I_DSK_B,Individuals who have basic overall digital skills,IND_TOTAL,All individuals,PC_IND,Percentage of individuals,IT,Italy,2019,,19.49,,b,break in time series,,
dataflow,ESTAT:ISOC_SK_DSKL_I$DEFAULTVIEW(1.0),Individuals' level of digital skills (2015-2019),A,Annual,I_DSK_B,Individuals who have basic overall digital skills,IND_TOTAL,All individuals,PC_IND,Percentage of individuals,LT,Lithuania,2015,,20.95,,,,,
dataflow,ESTAT:ISOC_SK_DSKL_I$DEFAULTVIEW(1.0),Individuals' level of digital skills (2015-2019),A,Annual,I_DSK_B,Individuals who have basic overall digital skills,IND_TOTAL,All individuals,PC_IND,Percentage of individuals,LT,Lithuania,2016,,22.45,,,,,
dataflow,ESTAT:ISOC_SK_DSKL_I$DEFAULTVIEW(1.0),Individuals' level of digital skills (2015-2019),A,Annual,I_DSK_B,Individuals who have basic overall digital skills,IND_TOTAL,All individuals,PC_IND,Percentage of individuals,LT,Lithuania,2017,,22.85,,,,,
dataflow,ESTAT:ISOC_SK_DSKL_I$DEFAULTVIEW(1.0),Individuals' level of digital skills (2015-2019),A,Annual,I_DSK_B,Individuals who have basic overall digital skills,IND_TOTAL,All individuals,PC_IND,Percentage of individuals,LT,Lithuania,2019,,23.85,,,,,
dataflow,ESTAT:ISOC_SK_DSKL_I$DEFAULTVIEW(1.0),Individuals' level of digital skills (2015-2019),A,Annual,I_DSK_B,Individuals who have basic overall digital skills,IND_TOTAL,All individuals,PC_IND,Percentage of individuals,LU,Luxembourg,2015,,30.32,,,,,
dataflow,ESTAT:ISOC_SK_DSKL_I$DEFAULTVIEW(1.0),Individuals' level of digital skills (2015-2019),A,Annual,I_DSK_B,Individuals who have basic overall digital skills,IND_TOTAL,All individuals,PC_IND,Percentage of individuals,LU,Luxembourg,2016,,31.99,,,,,
dataflow,ESTAT:ISOC_SK_DSKL_I$DEFAULTVIEW(1.0),Individuals' level of digital skills (2015-2019),A,Annual,I_DSK_B,Individuals who have basic overall digital skills,IND_TOTAL,All individuals,PC_IND,Percentage of individuals,LU,Luxembourg,2017,,29.93,,,,,
dataflow,ESTAT:ISOC_SK_DSKL_I$DEFAULTVIEW(1.0),Individuals' level of digital skills (2015-2019),A,Annual,I_DSK_B,Individuals who have basic overall digital skills,IND_TOTAL,All individuals,PC_IND,Percentage of individuals,LU,Luxembourg,2019,,28.83,,b,break in time series,,
dataflow,ESTAT:ISOC_SK_DSKL_I$DEFAULTVIEW(1.0),Individuals' level of digital skills (2015-2019),A,Annual,I_DSK_B,Individuals who have basic overall digital skills,IND_TOTAL,All individuals,PC_IND,Percentage of individuals,LV,Latvia,2015,,23.66,,,,,
dataflow,ESTAT:ISOC_SK_DSKL_I$DEFAULTVIEW(1.0),Individuals' level of digital skills (2015-2019),A,Annual,I_DSK_B,Individuals who have basic overall digital skills,IND_TOTAL,All individuals,PC_IND,Percentage of individuals,LV,Latvia,2016,,23.73,,b,break in time series,,
dataflow,ESTAT:ISOC_SK_DSKL_I$DEFAULTVIEW(1.0),Individuals' level of digital skills (2015-2019),A,Annual,I_DSK_B,Individuals who have basic overall digital skills,IND_TOTAL,All individuals,PC_IND,Percentage of individuals,LV,Latvia,2017,,21.27,,,,,
dataflow,ESTAT:ISOC_SK_DSKL_I$DEFAULTVIEW(1.0),Individuals' level of digital skills (2015-2019),A,Annual,I_DSK_B,Individuals who have basic overall digital skills,IND_TOTAL,All individuals,PC_IND,Percentage of individuals,LV,Latvia,2019,,18.51,,b,break in time series,,
dataflow,ESTAT:ISOC_SK_DSKL_I$DEFAULTVIEW(1.0),Individuals' level of digital skills (2015-2019),A,Annual,I_DSK_B,Individuals who have basic overall digital skills,IND_TOTAL,All individuals,PC_IND,Percentage of individuals,ME,Montenegro,2017,,35.26,,,,,
dataflow,ESTAT:ISOC_SK_DSKL_I$DEFAULTVIEW(1.0),Individuals' level of digital skills (2015-2019),A,Annual,I_DSK_B,Individuals who have basic overall digital skills,IND_TOTAL,All individuals,PC_IND,Percentage of individuals,ME,Montenegro,2019,,,,u,low reliability,,
dataflow,ESTAT:ISOC_SK_DSKL_I$DEFAULTVIEW(1.0),Individuals' level of digital skills (2015-2019),A,Annual,I_DSK_B,Individuals who have basic overall digital skills,IND_TOTAL,All individuals,PC_IND,Percentage of individuals,MK,North Macedonia,2015,,23.24,,,,,
dataflow,ESTAT:ISOC_SK_DSKL_I$DEFAULTVIEW(1.0),Individuals' level of digital skills (2015-2019),A,Annual,I_DSK_B,Individuals who have basic overall digital skills,IND_TOTAL,All individuals,PC_IND,Percentage of individuals,MK,North Macedonia,2016,,20.66,,,,,
dataflow,ESTAT:ISOC_SK_DSKL_I$DEFAULTVIEW(1.0),Individuals' level of digital skills (2015-2019),A,Annual,I_DSK_B,Individuals who have basic overall digital skills,IND_TOTAL,All individuals,PC_IND,Percentage of individuals,MK,North Macedonia,2017,,20.28,,,,,
dataflow,ESTAT:ISOC_SK_DSKL_I$DEFAULTVIEW(1.0),Individuals' level of digital skills (2015-2019),A,Annual,I_DSK_B,Individuals who have basic overall digital skills,IND_TOTAL,All individuals,PC_IND,Percentage of individuals,MK,North Macedonia,2019,,16.48,,,,,
dataflow,ESTAT:ISOC_SK_DSKL_I$DEFAULTVIEW(1.0),Individuals' level of digital skills (2015-2019),A,Annual,I_DSK_B,Individuals who have basic overall digital skills,IND_TOTAL,All individuals,PC_IND,Percentage of individuals,MT,Malta,2015,,18.14,,,,,
dataflow,ESTAT:ISOC_SK_DSKL_I$DEFAULTVIEW(1.0),Individuals' level of digital skills (2015-2019),A,Annual,I_DSK_B,Individuals who have basic overall digital skills,IND_TOTAL,All individuals,PC_IND,Percentage of individuals,MT,Malta,2016,,17.66,,,,,
dataflow,ESTAT:ISOC_SK_DSKL_I$DEFAULTVIEW(1.0),Individuals' level of digital skills (2015-2019),A,Annual,I_DSK_B,Individuals who have basic overall digital skills,IND_TOTAL,All individuals,PC_IND,Percentage of individuals,MT,Malta,2017,,17.90,,,,,
dataflow,ESTAT:ISOC_SK_DSKL_I$DEFAULTVIEW(1.0),Individuals' level of digital skills (2015-2019),A,Annual,I_DSK_B,Individuals who have basic overall digital skills,IND_TOTAL,All individuals,PC_IND,Percentage of individuals,MT,Malta,2019,,17.56,,,,,
dataflow,ESTAT:ISOC_SK_DSKL_I$DEFAULTVIEW(1.0),Individuals' level of digital skills (2015-2019),A,Annual,I_DSK_B,Individuals who have basic overall digital skills,IND_TOTAL,All individuals,PC_IND,Percentage of individuals,NL,Netherlands,2015,,29.91,,,,,
dataflow,ESTAT:ISOC_SK_DSKL_I$DEFAULTVIEW(1.0),Individuals' level of digital skills (2015-2019),A,Annual,I_DSK_B,Individuals who have basic overall digital skills,IND_TOTAL,All individuals,PC_IND,Percentage of individuals,NL,Netherlands,2016,,31.64,,,,,
dataflow,ESTAT:ISOC_SK_DSKL_I$DEFAULTVIEW(1.0),Individuals' level of digital skills (2015-2019),A,Annual,I_DSK_B,Individuals who have basic overall digital skills,IND_TOTAL,All individuals,PC_IND,Percentage of individuals,NL,Netherlands,2017,,31.65,,,,,
dataflow,ESTAT:ISOC_SK_DSKL_I$DEFAULTVIEW(1.0),Individuals' level of digital skills (2015-2019),A,Annual,I_DSK_B,Individuals who have basic overall digital skills,IND_TOTAL,All individuals,PC_IND,Percentage of individuals,NL,Netherlands,2019,,29.81,,,,,
dataflow,ESTAT:ISOC_SK_DSKL_I$DEFAULTVIEW(1.0),Individuals' level of digital skills (2015-2019),A,Annual,I_DSK_B,Individuals who have basic overall digital skills,IND_TOTAL,All individuals,PC_IND,Percentage of individuals,NO,Norway,2015,,30.43,,,,,
dataflow,ESTAT:ISOC_SK_DSKL_I$DEFAULTVIEW(1.0),Individuals' level of digital skills (2015-2019),A,Annual,I_DSK_B,Individuals who have basic overall digital skills,IND_TOTAL,All individuals,PC_IND,Percentage of individuals,NO,Norway,2016,,29.29,,,,,
dataflow,ESTAT:ISOC_SK_DSKL_I$DEFAULTVIEW(1.0),Individuals' level of digital skills (2015-2019),A,Annual,I_DSK_B,Individuals who have basic overall digital skills,IND_TOTAL,All individuals,PC_IND,Percentage of individuals,NO,Norway,2017,,25.78,,,,,
dataflow,ESTAT:ISOC_SK_DSKL_I$DEFAULTVIEW(1.0),Individuals' level of digital skills (2015-2019),A,Annual,I_DSK_B,Individuals who have basic overall digital skills,IND_TOTAL,All individuals,PC_IND,Percentage of individuals,NO,Norway,2019,,31.45,,,,,
dataflow,ESTAT:ISOC_SK_DSKL_I$DEFAULTVIEW(1.0),Individuals' level of digital skills (2015-2019),A,Annual,I_DSK_B,Individuals who have basic overall digital skills,IND_TOTAL,All individuals,PC_IND,Percentage of individuals,PL,Poland,2015,,24.98,,,,,
dataflow,ESTAT:ISOC_SK_DSKL_I$DEFAULTVIEW(1.0),Individuals' level of digital skills (2015-2019),A,Annual,I_DSK_B,Individuals who have basic overall digital skills,IND_TOTAL,All individuals,PC_IND,Percentage of individuals,PL,Poland,2016,,25.02,,,,,
dataflow,ESTAT:ISOC_SK_DSKL_I$DEFAULTVIEW(1.0),Individuals' level of digital skills (2015-2019),A,Annual,I_DSK_B,Individuals who have basic overall digital skills,IND_TOTAL,All individuals,PC_IND,Percentage of individuals,PL,Poland,2017,,25.25,,,,,
dataflow,ESTAT:ISOC_SK_DSKL_I$DEFAULTVIEW(1.0),Individuals' level of digital skills (2015-2019),A,Annual,I_DSK_B,Individuals who have basic overall digital skills,IND_TOTAL,All individuals,PC_IND,Percentage of individuals,PL,Poland,2019,,23.16,,,,,
dataflow,ESTAT:ISOC_SK_DSKL_I$DEFAULTVIEW(1.0),Individuals' level of digital skills (2015-2019),A,Annual,I_DSK_B,Individuals who have basic overall digital skills,IND_TOTAL,All individuals,PC_IND,Percentage of individuals,PT,Portugal,2015,,19.75,,,,,
dataflow,ESTAT:ISOC_SK_DSKL_I$DEFAULTVIEW(1.0),Individuals' level of digital skills (2015-2019),A,Annual,I_DSK_B,Individuals who have basic overall digital skills,IND_TOTAL,All individuals,PC_IND,Percentage of individuals,PT,Portugal,2016,,19.31,,,,,
dataflow,ESTAT:ISOC_SK_DSKL_I$DEFAULTVIEW(1.0),Individuals' level of digital skills (2015-2019),A,Annual,I_DSK_B,Individuals who have basic overall digital skills,IND_TOTAL,All individuals,PC_IND,Percentage of individuals,PT,Portugal,2017,,19.51,,,,,
dataflow,ESTAT:ISOC_SK_DSKL_I$DEFAULTVIEW(1.0),Individuals' level of digital skills (2015-2019),A,Annual,I_DSK_B,Individuals who have basic overall digital skills,IND_TOTAL,All individuals,PC_IND,Percentage of individuals,PT,Portugal,2019,,19.66,,,,,
dataflow,ESTAT:ISOC_SK_DSKL_I$DEFAULTVIEW(1.0),Individuals' level of digital skills (2015-2019),A,Annual,I_DSK_B,Individuals who have basic overall digital skills,IND_TOTAL,All individuals,PC_IND,Percentage of individuals,RO,Romania,2015,,17.30,,,,,
dataflow,ESTAT:ISOC_SK_DSKL_I$DEFAULTVIEW(1.0),Individuals' level of digital skills (2015-2019),A,Annual,I_DSK_B,Individuals who have basic overall digital skills,IND_TOTAL,All individuals,PC_IND,Percentage of individuals,RO,Romania,2016,,19.06,,,,,
dataflow,ESTAT:ISOC_SK_DSKL_I$DEFAULTVIEW(1.0),Individuals' level of digital skills (2015-2019),A,Annual,I_DSK_B,Individuals who have basic overall digital skills,IND_TOTAL,All individuals,PC_IND,Percentage of individuals,RO,Romania,2017,,18.90,,,,,
dataflow,ESTAT:ISOC_SK_DSKL_I$DEFAULTVIEW(1.0),Individuals' level of digital skills (2015-2019),A,Annual,I_DSK_B,Individuals who have basic overall digital skills,IND_TOTAL,All individuals,PC_IND,Percentage of individuals,RO,Romania,2019,,20.64,,,,,
dataflow,ESTAT:ISOC_SK_DSKL_I$DEFAULTVIEW(1.0),Individuals' level of digital skills (2015-2019),A,Annual,I_DSK_B,Individuals who have basic overall digital skills,IND_TOTAL,All individuals,PC_IND,Percentage of individuals,RS,Serbia,2015,,19.65,,,,,
dataflow,ESTAT:ISOC_SK_DSKL_I$DEFAULTVIEW(1.0),Individuals' level of digital skills (2015-2019),A,Annual,I_DSK_B,Individuals who have basic overall digital skills,IND_TOTAL,All individuals,PC_IND,Percentage of individuals,RS,Serbia,2017,,19.60,,,,,
dataflow,ESTAT:ISOC_SK_DSKL_I$DEFAULTVIEW(1.0),Individuals' level of digital skills (2015-2019),A,Annual,I_DSK_B,Individuals who have basic overall digital skills,IND_TOTAL,All individuals,PC_IND,Percentage of individuals,RS,Serbia,2019,,25.89,,,,,
dataflow,ESTAT:ISOC_SK_DSKL_I$DEFAULTVIEW(1.0),Individuals' level of digital skills (2015-2019),A,Annual,I_DSK_B,Individuals who have basic overall digital skills,IND_TOTAL,All individuals,PC_IND,Percentage of individuals,SE,Sweden,2015,,36.35,,,,,
dataflow,ESTAT:ISOC_SK_DSKL_I$DEFAULTVIEW(1.0),Individuals' level of digital skills (2015-2019),A,Annual,I_DSK_B,Individuals who have basic overall digital skills,IND_TOTAL,All individuals,PC_IND,Percentage of individuals,SE,Sweden,2016,,29.84,,b,break in time series,,
dataflow,ESTAT:ISOC_SK_DSKL_I$DEFAULTVIEW(1.0),Individuals' level of digital skills (2015-2019),A,Annual,I_DSK_B,Individuals who have basic overall digital skills,IND_TOTAL,All individuals,PC_IND,Percentage of individuals,SE,Sweden,2017,,30.83,,,,,
dataflow,ESTAT:ISOC_SK_DSKL_I$DEFAULTVIEW(1.0),Individuals' level of digital skills (2015-2019),A,Annual,I_DSK_B,Individuals who have basic overall digital skills,IND_TOTAL,All individuals,PC_IND,Percentage of individuals,SE,Sweden,2019,,26.38,,u,low reliability,,
dataflow,ESTAT:ISOC_SK_DSKL_I$DEFAULTVIEW(1.0),Individuals' level of digital skills (2015-2019),A,Annual,I_DSK_B,Individuals who have basic overall digital skills,IND_TOTAL,All individuals,PC_IND,Percentage of individuals,SI,Slovenia,2015,,25.28,,,,,
dataflow,ESTAT:ISOC_SK_DSKL_I$DEFAULTVIEW(1.0),Individuals' level of digital skills (2015-2019),A,Annual,I_DSK_B,Individuals who have basic overall digital skills,IND_TOTAL,All individuals,PC_IND,Percentage of individuals,SI,Slovenia,2016,,25.14,,,,,
dataflow,ESTAT:ISOC_SK_DSKL_I$DEFAULTVIEW(1.0),Individuals' level of digital skills (2015-2019),A,Annual,I_DSK_B,Individuals who have basic overall digital skills,IND_TOTAL,All individuals,PC_IND,Percentage of individuals,SI,Slovenia,2017,,24.31,,,,,
dataflow,ESTAT:ISOC_SK_DSKL_I$DEFAULTVIEW(1.0),Individuals' level of digital skills (2015-2019),A,Annual,I_DSK_B,Individuals who have basic overall digital skills,IND_TOTAL,All individuals,PC_IND,Percentage of individuals,SI,Slovenia,2019,,24.06,,,,,
dataflow,ESTAT:ISOC_SK_DSKL_I$DEFAULTVIEW(1.0),Individuals' level of digital skills (2015-2019),A,Annual,I_DSK_B,Individuals who have basic overall digital skills,IND_TOTAL,All individuals,PC_IND,Percentage of individuals,SK,Slovakia,2015,,27.07,,,,,
dataflow,ESTAT:ISOC_SK_DSKL_I$DEFAULTVIEW(1.0),Individuals' level of digital skills (2015-2019),A,Annual,I_DSK_B,Individuals who have basic overall digital skills,IND_TOTAL,All individuals,PC_IND,Percentage of individuals,SK,Slovakia,2016,,26.14,,,,,
dataflow,ESTAT:ISOC_SK_DSKL_I$DEFAULTVIEW(1.0),Individuals' level of digital skills (2015-2019),A,Annual,I_DSK_B,Individuals who have basic overall digital skills,IND_TOTAL,All individuals,PC_IND,Percentage of individuals,SK,Slovakia,2017,,25.95,,,,,
dataflow,ESTAT:ISOC_SK_DSKL_I$DEFAULTVIEW(1.0),Individuals' level of digital skills (2015-2019),A,Annual,I_DSK_B,Individuals who have basic overall digital skills,IND_TOTAL,All individuals,PC_IND,Percentage of individuals,SK,Slovakia,2019,,26.80,,,,,
dataflow,ESTAT:ISOC_SK_DSKL_I$DEFAULTVIEW(1.0),Individuals' level of digital skills (2015-2019),A,Annual,I_DSK_B,Individuals who have basic overall digital skills,IND_TOTAL,All individuals,PC_IND,Percentage of individuals,TR,Türkiye,2015,,11.73,,,,,
dataflow,ESTAT:ISOC_SK_DSKL_I$DEFAULTVIEW(1.0),Individuals' level of digital skills (2015-2019),A,Annual,I_DSK_B,Individuals who have basic overall digital skills,IND_TOTAL,All individuals,PC_IND,Percentage of individuals,TR,Türkiye,2016,,12.81,,,,,
dataflow,ESTAT:ISOC_SK_DSKL_I$DEFAULTVIEW(1.0),Individuals' level of digital skills (2015-2019),A,Annual,I_DSK_B,Individuals who have basic overall digital skills,IND_TOTAL,All individuals,PC_IND,Percentage of individuals,TR,Türkiye,2017,,14.52,,,,,
dataflow,ESTAT:ISOC_SK_DSKL_I$DEFAULTVIEW(1.0),Individuals' level of digital skills (2015-2019),A,Annual,I_DSK_B,Individuals who have basic overall digital skills,IND_TOTAL,All individuals,PC_IND,Percentage of individuals,TR,Türkiye,2019,,11.50,,,,,
dataflow,ESTAT:ISOC_SK_DSKL_I$DEFAULTVIEW(1.0),Individuals' level of digital skills (2015-2019),A,Annual,I_DSK_B,Individuals who have basic overall digital skills,IND_TOTAL,All individuals,PC_IND,Percentage of individuals,UK,United Kingdom,2015,,27.41,,,,,
dataflow,ESTAT:ISOC_SK_DSKL_I$DEFAULTVIEW(1.0),Individuals' level of digital skills (2015-2019),A,Annual,I_DSK_B,Individuals who have basic overall digital skills,IND_TOTAL,All individuals,PC_IND,Percentage of individuals,UK,United Kingdom,2016,,25.66,,,,,
dataflow,ESTAT:ISOC_SK_DSKL_I$DEFAULTVIEW(1.0),Individuals' level of digital skills (2015-2019),A,Annual,I_DSK_B,Individuals who have basic overall digital skills,IND_TOTAL,All individuals,PC_IND,Percentage of individuals,UK,United Kingdom,2017,,24.53,,,,,
dataflow,ESTAT:ISOC_SK_DSKL_I$DEFAULTVIEW(1.0),Individuals' level of digital skills (2015-2019),A,Annual,I_DSK_B,Individuals who have basic overall digital skills,IND_TOTAL,All individuals,PC_IND,Percentage of individuals,UK,United Kingdom,2019,,25.04,,,,,
dataflow,ESTAT:ISOC_SK_DSKL_I$DEFAULTVIEW(1.0),Individuals' level of digital skills (2015-2019),A,Annual,I_DSK_B,Individuals who have basic overall digital skills,IND_TOTAL,All individuals,PC_IND,Percentage of individuals,XK,Kosovo*,2017,,15.58,,,,,
dataflow,ESTAT:ISOC_SK_DSKL_I$DEFAULTVIEW(1.0),Individuals' level of digital skills (2015-2019),A,Annual,I_DSK_B,Individuals who have basic overall digital skills,IND_TOTAL,All individuals,PC_IND,Percentage of individuals,XK,Kosovo*,2019,,13.24,,,,,
dataflow,ESTAT:ISOC_SK_DSKL_I$DEFAULTVIEW(1.0),Individuals' level of digital skills (2015-2019),A,Annual,I_DSK_BAB,Individuals who have basic or above basic overall digital skills,IND_TOTAL,All individuals,PC_IND,Percentage of individuals,AL,Albania,2019,,21.48,,,,,
dataflow,ESTAT:ISOC_SK_DSKL_I$DEFAULTVIEW(1.0),Individuals' level of digital skills (2015-2019),A,Annual,I_DSK_BAB,Individuals who have basic or above basic overall digital skills,IND_TOTAL,All individuals,PC_IND,Percentage of individuals,AT,Austria,2015,,64.00,,,,,
dataflow,ESTAT:ISOC_SK_DSKL_I$DEFAULTVIEW(1.0),Individuals' level of digital skills (2015-2019),A,Annual,I_DSK_BAB,Individuals who have basic or above basic overall digital skills,IND_TOTAL,All individuals,PC_IND,Percentage of individuals,AT,Austria,2016,,65.46,,,,,
dataflow,ESTAT:ISOC_SK_DSKL_I$DEFAULTVIEW(1.0),Individuals' level of digital skills (2015-2019),A,Annual,I_DSK_BAB,Individuals who have basic or above basic overall digital skills,IND_TOTAL,All individuals,PC_IND,Percentage of individuals,AT,Austria,2017,,67.45,,,,,
dataflow,ESTAT:ISOC_SK_DSKL_I$DEFAULTVIEW(1.0),Individuals' level of digital skills (2015-2019),A,Annual,I_DSK_BAB,Individuals who have basic or above basic overall digital skills,IND_TOTAL,All individuals,PC_IND,Percentage of individuals,AT,Austria,2019,,65.55,,,,,
dataflow,ESTAT:ISOC_SK_DSKL_I$DEFAULTVIEW(1.0),Individuals' level of digital skills (2015-2019),A,Annual,I_DSK_BAB,Individuals who have basic or above basic overall digital skills,IND_TOTAL,All individuals,PC_IND,Percentage of individuals,BA,Bosnia and Herzegovina,2019,,24.15,,,,,
dataflow,ESTAT:ISOC_SK_DSKL_I$DEFAULTVIEW(1.0),Individuals' level of digital skills (2015-2019),A,Annual,I_DSK_BAB,Individuals who have basic or above basic overall digital skills,IND_TOTAL,All individuals,PC_IND,Percentage of individuals,BE,Belgium,2015,,60.29,,,,,
dataflow,ESTAT:ISOC_SK_DSKL_I$DEFAULTVIEW(1.0),Individuals' level of digital skills (2015-2019),A,Annual,I_DSK_BAB,Individuals who have basic or above basic overall digital skills,IND_TOTAL,All individuals,PC_IND,Percentage of individuals,BE,Belgium,2016,,60.90,,,,,
dataflow,ESTAT:ISOC_SK_DSKL_I$DEFAULTVIEW(1.0),Individuals' level of digital skills (2015-2019),A,Annual,I_DSK_BAB,Individuals who have basic or above basic overall digital skills,IND_TOTAL,All individuals,PC_IND,Percentage of individuals,BE,Belgium,2017,,60.56,,,,,
dataflow,ESTAT:ISOC_SK_DSKL_I$DEFAULTVIEW(1.0),Individuals' level of digital skills (2015-2019),A,Annual,I_DSK_BAB,Individuals who have basic or above basic overall digital skills,IND_TOTAL,All individuals,PC_IND,Percentage of individuals,BE,Belgium,2019,,60.83,,,,,
dataflow,ESTAT:ISOC_SK_DSKL_I$DEFAULTVIEW(1.0),Individuals' level of digital skills (2015-2019),A,Annual,I_DSK_BAB,Individuals who have basic or above basic overall digital skills,IND_TOTAL,All individuals,PC_IND,Percentage of individuals,BG,Bulgaria,2015,,31.22,,,,,
dataflow,ESTAT:ISOC_SK_DSKL_I$DEFAULTVIEW(1.0),Individuals' level of digital skills (2015-2019),A,Annual,I_DSK_BAB,Individuals who have basic or above basic overall digital skills,IND_TOTAL,All individuals,PC_IND,Percentage of individuals,BG,Bulgaria,2016,,26.25,,,,,
dataflow,ESTAT:ISOC_SK_DSKL_I$DEFAULTVIEW(1.0),Individuals' level of digital skills (2015-2019),A,Annual,I_DSK_BAB,Individuals who have basic or above basic overall digital skills,IND_TOTAL,All individuals,PC_IND,Percentage of individuals,BG,Bulgaria,2017,,29.49,,,,,
dataflow,ESTAT:ISOC_SK_DSKL_I$DEFAULTVIEW(1.0),Individuals' level of digital skills (2015-2019),A,Annual,I_DSK_BAB,Individuals who have basic or above basic overall digital skills,IND_TOTAL,All individuals,PC_IND,Percentage of individuals,BG,Bulgaria,2019,,29.40,,,,,
dataflow,ESTAT:ISOC_SK_DSKL_I$DEFAULTVIEW(1.0),Individuals' level of digital skills (2015-2019),A,Annual,I_DSK_BAB,Individuals who have basic or above basic overall digital skills,IND_TOTAL,All individuals,PC_IND,Percentage of individuals,CH,Switzerland,2017,,75.50,,b,break in time series,,
dataflow,ESTAT:ISOC_SK_DSKL_I$DEFAULTVIEW(1.0),Individuals' level of digital skills (2015-2019),A,Annual,I_DSK_BAB,Individuals who have basic or above basic overall digital skills,IND_TOTAL,All individuals,PC_IND,Percentage of individuals,CH,Switzerland,2019,,76.80,,b,break in time series,,
dataflow,ESTAT:ISOC_SK_DSKL_I$DEFAULTVIEW(1.0),Individuals' level of digital skills (2015-2019),A,Annual,I_DSK_BAB,Individuals who have basic or above basic overall digital skills,IND_TOTAL,All individuals,PC_IND,Percentage of individuals,CY,Cyprus,2015,,42.55,,,,,
dataflow,ESTAT:ISOC_SK_DSKL_I$DEFAULTVIEW(1.0),Individuals' level of digital skills (2015-2019),A,Annual,I_DSK_BAB,Individuals who have basic or above basic overall digital skills,IND_TOTAL,All individuals,PC_IND,Percentage of individuals,CY,Cyprus,2016,,42.92,,,,,
dataflow,ESTAT:ISOC_SK_DSKL_I$DEFAULTVIEW(1.0),Individuals' level of digital skills (2015-2019),A,Annual,I_DSK_BAB,Individuals who have basic or above basic overall digital skills,IND_TOTAL,All individuals,PC_IND,Percentage of individuals,CY,Cyprus,2017,,50.38,,,,,
dataflow,ESTAT:ISOC_SK_DSKL_I$DEFAULTVIEW(1.0),Individuals' level of digital skills (2015-2019),A,Annual,I_DSK_BAB,Individuals who have basic or above basic overall digital skills,IND_TOTAL,All individuals,PC_IND,Percentage of individuals,CY,Cyprus,2019,,45.03,,,,,
dataflow,ESTAT:ISOC_SK_DSKL_I$DEFAULTVIEW(1.0),Individuals' level of digital skills (2015-2019),A,Annual,I_DSK_BAB,Individuals who have basic or above basic overall digital skills,IND_TOTAL,All individuals,PC_IND,Percentage of individuals,CZ,Czechia,2015,,56.89,,,,,
dataflow,ESTAT:ISOC_SK_DSKL_I$DEFAULTVIEW(1.0),Individuals' level of digital skills (2015-2019),A,Annual,I_DSK_BAB,Individuals who have basic or above basic overall digital skills,IND_TOTAL,All individuals,PC_IND,Percentage of individuals,CZ,Czechia,2016,,53.80,,,,,
dataflow,ESTAT:ISOC_SK_DSKL_I$DEFAULTVIEW(1.0),Individuals' level of digital skills (2015-2019),A,Annual,I_DSK_BAB,Individuals who have basic or above basic overall digital skills,IND_TOTAL,All individuals,PC_IND,Percentage of individuals,CZ,Czechia,2017,,59.85,,,,,
dataflow,ESTAT:ISOC_SK_DSKL_I$DEFAULTVIEW(1.0),Individuals' level of digital skills (2015-2019),A,Annual,I_DSK_BAB,Individuals who have basic or above basic overall digital skills,IND_TOTAL,All individuals,PC_IND,Percentage of individuals,CZ,Czechia,2019,,62.10,,b,break in time series,,
dataflow,ESTAT:ISOC_SK_DSKL_I$DEFAULTVIEW(1.0),Individuals' level of digital skills (2015-2019),A,Annual,I_DSK_BAB,Individuals who have basic or above basic overall digital skills,IND_TOTAL,All individuals,PC_IND,Percentage of individuals,DE,Germany,2015,,66.71,,,,,
dataflow,ESTAT:ISOC_SK_DSKL_I$DEFAULTVIEW(1.0),Individuals' level of digital skills (2015-2019),A,Annual,I_DSK_BAB,Individuals who have basic or above basic overall digital skills,IND_TOTAL,All individuals,PC_IND,Percentage of individuals,DE,Germany,2016,,67.54,,,,,
dataflow,ESTAT:ISOC_SK_DSKL_I$DEFAULTVIEW(1.0),Individuals' level of digital skills (2015-2019),A,Annual,I_DSK_BAB,Individuals who have basic or above basic overall digital skills,IND_TOTAL,All individuals,PC_IND,Percentage of individuals,DE,Germany,2017,,68.18,,,,,
dataflow,ESTAT:ISOC_SK_DSKL_I$DEFAULTVIEW(1.0),Individuals' level of digital skills (2015-2019),A,Annual,I_DSK_BAB,Individuals who have basic or above basic overall digital skills,IND_TOTAL,All individuals,PC_IND,Percentage of individuals,DE,Germany,2019,,70.16,,,,,
dataflow,ESTAT:ISOC_SK_DSKL_I$DEFAULTVIEW(1.0),Individuals' level of digital skills (2015-2019),A,Annual,I_DSK_BAB,Individuals who have basic or above basic overall digital skills,IND_TOTAL,All individuals,PC_IND,Percentage of individuals,DK,Denmark,2015,,74.91,,,,,
dataflow,ESTAT:ISOC_SK_DSKL_I$DEFAULTVIEW(1.0),Individuals' level of digital skills (2015-2019),A,Annual,I_DSK_BAB,Individuals who have basic or above basic overall digital skills,IND_TOTAL,All individuals,PC_IND,Percentage of individuals,DK,Denmark,2016,,77.57,,,,,
dataflow,ESTAT:ISOC_SK_DSKL_I$DEFAULTVIEW(1.0),Individuals' level of digital skills (2015-2019),A,Annual,I_DSK_BAB,Individuals who have basic or above basic overall digital skills,IND_TOTAL,All individuals,PC_IND,Percentage of individuals,DK,Denmark,2017,,71.19,,,,,
dataflow,ESTAT:ISOC_SK_DSKL_I$DEFAULTVIEW(1.0),Individuals' level of digital skills (2015-2019),A,Annual,I_DSK_BAB,Individuals who have basic or above basic overall digital skills,IND_TOTAL,All individuals,PC_IND,Percentage of individuals,DK,Denmark,2019,,69.98,,,,,
dataflow,ESTAT:ISOC_SK_DSKL_I$DEFAULTVIEW(1.0),Individuals' level of digital skills (2015-2019),A,Annual,I_DSK_BAB,Individuals who have basic or above basic overall digital skills,IND_TOTAL,All individuals,PC_IND,Percentage of individuals,EA,"Euro area (EA11-1999, EA12-2001, EA13-2007, EA15-2008, EA16-2009, EA17-2011, EA18-2014, EA19-2015, EA20-2023, EA21-2026)",2015,,56.72,,,,,
dataflow,ESTAT:ISOC_SK_DSKL_I$DEFAULTVIEW(1.0),Individuals' level of digital skills (2015-2019),A,Annual,I_DSK_BAB,Individuals who have basic or above basic overall digital skills,IND_TOTAL,All individuals,PC_IND,Percentage of individuals,EA,"Euro area (EA11-1999, EA12-2001, EA13-2007, EA15-2008, EA16-2009, EA17-2011, EA18-2014, EA19-2015, EA20-2023, EA21-2026)",2016,,57.05,,,,,
dataflow,ESTAT:ISOC_SK_DSKL_I$DEFAULTVIEW(1.0),Individuals' level of digital skills (2015-2019),A,Annual,I_DSK_BAB,Individuals who have basic or above basic overall digital skills,IND_TOTAL,All individuals,PC_IND,Percentage of individuals,EA,"Euro area (EA11-1999, EA12-2001, EA13-2007, EA15-2008, EA16-2009, EA17-2011, EA18-2014, EA19-2015, EA20-2023, EA21-2026)",2017,,57.71,,,,,
dataflow,ESTAT:ISOC_SK_DSKL_I$DEFAULTVIEW(1.0),Individuals' level of digital skills (2015-2019),A,Annual,I_DSK_BAB,Individuals who have basic or above basic overall digital skills,IND_TOTAL,All individuals,PC_IND,Percentage of individuals,EA,"Euro area (EA11-1999, EA12-2001, EA13-2007, EA15-2008, EA16-2009, EA17-2011, EA18-2014, EA19-2015, EA20-2023, EA21-2026)",2019,,58.78,,,,,
dataflow,ESTAT:ISOC_SK_DSKL_I$DEFAULTVIEW(1.0),Individuals' level of digital skills (2015-2019),A,Annual,I_DSK_BAB,Individuals who have basic or above basic overall digital skills,IND_TOTAL,All individuals,PC_IND,Percentage of individuals,EE,Estonia,2015,,64.51,,,,,
dataflow,ESTAT:ISOC_SK_DSKL_I$DEFAULTVIEW(1.0),Individuals' level of digital skills (2015-2019),A,Annual,I_DSK_BAB,Individuals who have basic or above basic overall digital skills,IND_TOTAL,All individuals,PC_IND,Percentage of individuals,EE,Estonia,2016,,60.32,,,,,
dataflow,ESTAT:ISOC_SK_DSKL_I$DEFAULTVIEW(1.0),Individuals' level of digital skills (2015-2019),A,Annual,I_DSK_BAB,Individuals who have basic or above basic overall digital skills,IND_TOTAL,All individuals,PC_IND,Percentage of individuals,EE,Estonia,2017,,60.31,,,,,
dataflow,ESTAT:ISOC_SK_DSKL_I$DEFAULTVIEW(1.0),Individuals' level of digital skills (2015-2019),A,Annual,I_DSK_BAB,Individuals who have basic or above basic overall digital skills,IND_TOTAL,All individuals,PC_IND,Percentage of individuals,EE,Estonia,2019,,61.58,,,,,
dataflow,ESTAT:ISOC_SK_DSKL_I$DEFAULTVIEW(1.0),Individuals' level of digital skills (2015-2019),A,Annual,I_DSK_BAB,Individuals who have basic or above basic overall digital skills,IND_TOTAL,All individuals,PC_IND,Percentage of individuals,EL,Greece,2015,,44.01,,,,,
dataflow,ESTAT:ISOC_SK_DSKL_I$DEFAULTVIEW(1.0),Individuals' level of digital skills (2015-2019),A,Annual,I_DSK_BAB,Individuals who have basic or above basic overall digital skills,IND_TOTAL,All individuals,PC_IND,Percentage of individuals,EL,Greece,2016,,45.85,,,,,
dataflow,ESTAT:ISOC_SK_DSKL_I$DEFAULTVIEW(1.0),Individuals' level of digital skills (2015-2019),A,Annual,I_DSK_BAB,Individuals who have basic or above basic overall digital skills,IND_TOTAL,All individuals,PC_IND,Percentage of individuals,EL,Greece,2017,,46.16,,,,,
dataflow,ESTAT:ISOC_SK_DSKL_I$DEFAULTVIEW(1.0),Individuals' level of digital skills (2015-2019),A,Annual,I_DSK_BAB,Individuals who have basic or above basic overall digital skills,IND_TOTAL,All individuals,PC_IND,Percentage of individuals,EL,Greece,2019,,50.52,,,,,
dataflow,ESTAT:ISOC_SK_DSKL_I$DEFAULTVIEW(1.0),Individuals' level of digital skills (2015-2019),A,Annual,I_DSK_BAB,Individuals who have basic or above basic overall digital skills,IND_TOTAL,All individuals,PC_IND,Percentage of individuals,ES,Spain,2015,,53.90,,,,,
dataflow,ESTAT:ISOC_SK_DSKL_I$DEFAULTVIEW(1.0),Individuals' level of digital skills (2015-2019),A,Annual,I_DSK_BAB,Individuals who have basic or above basic overall digital skills,IND_TOTAL,All individuals,PC_IND,Percentage of individuals,ES,Spain,2016,,53.35,,,,,
dataflow,ESTAT:ISOC_SK_DSKL_I$DEFAULTVIEW(1.0),Individuals' level of digital skills (2015-2019),A,Annual,I_DSK_BAB,Individuals who have basic or above basic overall digital skills,IND_TOTAL,All individuals,PC_IND,Percentage of individuals,ES,Spain,2017,,54.77,,,,,
dataflow,ESTAT:ISOC_SK_DSKL_I$DEFAULTVIEW(1.0),Individuals' level of digital skills (2015-2019),A,Annual,I_DSK_BAB,Individuals who have basic or above basic overall digital skills,IND_TOTAL,All individuals,PC_IND,Percentage of individuals,ES,Spain,2019,,57.20,,,,,
dataflow,ESTAT:ISOC_SK_DSKL_I$DEFAULTVIEW(1.0),Individuals' level of digital skills (2015-2019),A,Annual,I_DSK_BAB,Individuals who have basic or above basic overall digital skills,IND_TOTAL,All individuals,PC_IND,Percentage of individuals,EU15,European Union - 15 countries (1995-2004),2015,,59.09,,,,,
dataflow,ESTAT:ISOC_SK_DSKL_I$DEFAULTVIEW(1.0),Individuals' level of digital skills (2015-2019),A,Annual,I_DSK_BAB,Individuals who have basic or above basic overall digital skills,IND_TOTAL,All individuals,PC_IND,Percentage of individuals,EU15,European Union - 15 countries (1995-2004),2016,,59.65,,,,,
dataflow,ESTAT:ISOC_SK_DSKL_I$DEFAULTVIEW(1.0),Individuals' level of digital skills (2015-2019),A,Annual,I_DSK_BAB,Individuals who have basic or above basic overall digital skills,IND_TOTAL,All individuals,PC_IND,Percentage of individuals,EU15,European Union - 15 countries (1995-2004),2017,,60.52,,,,,
dataflow,ESTAT:ISOC_SK_DSKL_I$DEFAULTVIEW(1.0),Individuals' level of digital skills (2015-2019),A,Annual,I_DSK_BAB,Individuals who have basic or above basic overall digital skills,IND_TOTAL,All individuals,PC_IND,Percentage of individuals,EU27_2007,European Union - 27 countries (2007-2013),2015,,55.37,,,,,
dataflow,ESTAT:ISOC_SK_DSKL_I$DEFAULTVIEW(1.0),Individuals' level of digital skills (2015-2019),A,Annual,I_DSK_BAB,Individuals who have basic or above basic overall digital skills,IND_TOTAL,All individuals,PC_IND,Percentage of individuals,EU27_2007,European Union - 27 countries (2007-2013),2016,,56.17,,,,,
dataflow,ESTAT:ISOC_SK_DSKL_I$DEFAULTVIEW(1.0),Individuals' level of digital skills (2015-2019),A,Annual,I_DSK_BAB,Individuals who have basic or above basic overall digital skills,IND_TOTAL,All individuals,PC_IND,Percentage of individuals,EU27_2007,European Union - 27 countries (2007-2013),2017,,57.32,,,,,
dataflow,ESTAT:ISOC_SK_DSKL_I$DEFAULTVIEW(1.0),Individuals' level of digital skills (2015-2019),A,Annual,I_DSK_BAB,Individuals who have basic or above basic overall digital skills,IND_TOTAL,All individuals,PC_IND,Percentage of individuals,EU27_2020,European Union - 27 countries (from 2020),2015,,53.74,,,,,
dataflow,ESTAT:ISOC_SK_DSKL_I$DEFAULTVIEW(1.0),Individuals' level of digital skills (2015-2019),A,Annual,I_DSK_BAB,Individuals who have basic or above basic overall digital skills,IND_TOTAL,All individuals,PC_IND,Percentage of individuals,EU27_2020,European Union - 27 countries (from 2020),2016,,54.34,,,,,
dataflow,ESTAT:ISOC_SK_DSKL_I$DEFAULTVIEW(1.0),Individuals' level of digital skills (2015-2019),A,Annual,I_DSK_BAB,Individuals who have basic or above basic overall digital skills,IND_TOTAL,All individuals,PC_IND,Percentage of individuals,EU27_2020,European Union - 27 countries (from 2020),2017,,55.25,,,,,
dataflow,ESTAT:ISOC_SK_DSKL_I$DEFAULTVIEW(1.0),Individuals' level of digital skills (2015-2019),A,Annual,I_DSK_BAB,Individuals who have basic or above basic overall digital skills,IND_TOTAL,All individuals,PC_IND,Percentage of individuals,EU27_2020,European Union - 27 countries (from 2020),2019,,56.06,,,,,
dataflow,ESTAT:ISOC_SK_DSKL_I$DEFAULTVIEW(1.0),Individuals' level of digital skills (2015-2019),A,Annual,I_DSK_BAB,Individuals who have basic or above basic overall digital skills,IND_TOTAL,All individuals,PC_IND,Percentage of individuals,EU28,European Union - 28 countries (2013-2020),2015,,55.33,,,,,
dataflow,ESTAT:ISOC_SK_DSKL_I$DEFAULTVIEW(1.0),Individuals' level of digital skills (2015-2019),A,Annual,I_DSK_BAB,Individuals who have basic or above basic overall digital skills,IND_TOTAL,All individuals,PC_IND,Percentage of individuals,EU28,European Union - 28 countries (2013-2020),2016,,56.16,,,,,
dataflow,ESTAT:ISOC_SK_DSKL_I$DEFAULTVIEW(1.0),Individuals' level of digital skills (2015-2019),A,Annual,I_DSK_BAB,Individuals who have basic or above basic overall digital skills,IND_TOTAL,All individuals,PC_IND,Percentage of individuals,EU28,European Union - 28 countries (2013-2020),2017,,57.19,,,,,
dataflow,ESTAT:ISOC_SK_DSKL_I$DEFAULTVIEW(1.0),Individuals' level of digital skills (2015-2019),A,Annual,I_DSK_BAB,Individuals who have basic or above basic overall digital skills,IND_TOTAL,All individuals,PC_IND,Percentage of individuals,EU28,European Union - 28 countries (2013-2020),2019,,58.32,,,,,
dataflow,ESTAT:ISOC_SK_DSKL_I$DEFAULTVIEW(1.0),Individuals' level of digital skills (2015-2019),A,Annual,I_DSK_BAB,Individuals who have basic or above basic overall digital skills,IND_TOTAL,All individuals,PC_IND,Percentage of individuals,FI,Finland,2015,,73.97,,,,,
dataflow,ESTAT:ISOC_SK_DSKL_I$DEFAULTVIEW(1.0),Individuals' level of digital skills (2015-2019),A,Annual,I_DSK_BAB,Individuals who have basic or above basic overall digital skills,IND_TOTAL,All individuals,PC_IND,Percentage of individuals,FI,Finland,2016,,73.05,,,,,
dataflow,ESTAT:ISOC_SK_DSKL_I$DEFAULTVIEW(1.0),Individuals' level of digital skills (2015-2019),A,Annual,I_DSK_BAB,Individuals who have basic or above basic overall digital skills,IND_TOTAL,All individuals,PC_IND,Percentage of individuals,FI,Finland,2017,,75.55,,,,,
dataflow,ESTAT:ISOC_SK_DSKL_I$DEFAULTVIEW(1.0),Individuals' level of digital skills (2015-2019),A,Annual,I_DSK_BAB,Individuals who have basic or above basic overall digital skills,IND_TOTAL,All individuals,PC_IND,Percentage of individuals,FI,Finland,2019,,76.47,,,,,
dataflow,ESTAT:ISOC_SK_DSKL_I$DEFAULTVIEW(1.0),Individuals' level of digital skills (2015-2019),A,Annual,I_DSK_BAB,Individuals who have basic or above basic overall digital skills,IND_TOTAL,All individuals,PC_IND,Percentage of individuals,FR,France,2015,,56.78,,,,,
dataflow,ESTAT:ISOC_SK_DSKL_I$DEFAULTVIEW(1.0),Individuals' level of digital skills (2015-2019),A,Annual,I_DSK_BAB,Individuals who have basic or above basic overall digital skills,IND_TOTAL,All individuals,PC_IND,Percentage of individuals,FR,France,2016,,55.65,,,,,
dataflow,ESTAT:ISOC_SK_DSKL_I$DEFAULTVIEW(1.0),Individuals' level of digital skills (2015-2019),A,Annual,I_DSK_BAB,Individuals who have basic or above basic overall digital skills,IND_TOTAL,All individuals,PC_IND,Percentage of individuals,FR,France,2017,,57.13,,,,,
dataflow,ESTAT:ISOC_SK_DSKL_I$DEFAULTVIEW(1.0),Individuals' level of digital skills (2015-2019),A,Annual,I_DSK_BAB,Individuals who have basic or above basic overall digital skills,IND_TOTAL,All individuals,PC_IND,Percentage of individuals,FR,France,2019,,57.30,,,,,
dataflow,ESTAT:ISOC_SK_DSKL_I$DEFAULTVIEW(1.0),Individuals' level of digital skills (2015-2019),A,Annual,I_DSK_BAB,Individuals who have basic or above basic overall digital skills,IND_TOTAL,All individuals,PC_IND,Percentage of individuals,HR,Croatia,2015,,50.91,,,,,
dataflow,ESTAT:ISOC_SK_DSKL_I$DEFAULTVIEW(1.0),Individuals' level of digital skills (2015-2019),A,Annual,I_DSK_BAB,Individuals who have basic or above basic overall digital skills,IND_TOTAL,All individuals,PC_IND,Percentage of individuals,HR,Croatia,2016,,54.61,,,,,
dataflow,ESTAT:ISOC_SK_DSKL_I$DEFAULTVIEW(1.0),Individuals' level of digital skills (2015-2019),A,Annual,I_DSK_BAB,Individuals who have basic or above basic overall digital skills,IND_TOTAL,All individuals,PC_IND,Percentage of individuals,HR,Croatia,2017,,40.92,,,,,
dataflow,ESTAT:ISOC_SK_DSKL_I$DEFAULTVIEW(1.0),Individuals' level of digital skills (2015-2019),A,Annual,I_DSK_BAB,Individuals who have basic or above basic overall digital skills,IND_TOTAL,All individuals,PC_IND,Percentage of individuals,HR,Croatia,2019,,53.35,,,,,
dataflow,ESTAT:ISOC_SK_DSKL_I$DEFAULTVIEW(1.0),Individuals' level of digital skills (2015-2019),A,Annual,I_DSK_BAB,Individuals who have basic or above basic overall digital skills,IND_TOTAL,All individuals,PC_IND,Percentage of individuals,HU,Hungary,2015,,49.52,,,,,
dataflow,ESTAT:ISOC_SK_DSKL_I$DEFAULTVIEW(1.0),Individuals' level of digital skills (2015-2019),A,Annual,I_DSK_BAB,Individuals who have basic or above basic overall digital skills,IND_TOTAL,All individuals,PC_IND,Percentage of individuals,HU,Hungary,2016,,51.36,,,,,
dataflow,ESTAT:ISOC_SK_DSKL_I$DEFAULTVIEW(1.0),Individuals' level of digital skills (2015-2019),A,Annual,I_DSK_BAB,Individuals who have basic or above basic overall digital skills,IND_TOTAL,All individuals,PC_IND,Percentage of individuals,HU,Hungary,2017,,49.59,,,,,
dataflow,ESTAT:ISOC_SK_DSKL_I$DEFAULTVIEW(1.0),Individuals' level of digital skills (2015-2019),A,Annual,I_DSK_BAB,Individuals who have basic or above basic overall digital skills,IND_TOTAL,All individuals,PC_IND,Percentage of individuals,HU,Hungary,2019,,48.68,,,,,
dataflow,ESTAT:ISOC_SK_DSKL_I$DEFAULTVIEW(1.0),Individuals' level of digital skills (2015-2019),A,Annual,I_DSK_BAB,Individuals who have basic or above basic overall digital skills,IND_TOTAL,All individuals,PC_IND,Percentage of individuals,IE,Ireland,2015,,44.38,,,,,
dataflow,ESTAT:ISOC_SK_DSKL_I$DEFAULTVIEW(1.0),Individuals' level of digital skills (2015-2019),A,Annual,I_DSK_BAB,Individuals who have basic or above basic overall digital skills,IND_TOTAL,All individuals,PC_IND,Percentage of individuals,IE,Ireland,2016,,44.19,,,,,
dataflow,ESTAT:ISOC_SK_DSKL_I$DEFAULTVIEW(1.0),Individuals' level of digital skills (2015-2019),A,Annual,I_DSK_BAB,Individuals who have basic or above basic overall digital skills,IND_TOTAL,All individuals,PC_IND,Percentage of individuals,IE,Ireland,2017,,47.64,,,,,
dataflow,ESTAT:ISOC_SK_DSKL_I$DEFAULTVIEW(1.0),Individuals' level of digital skills (2015-2019),A,Annual,I_DSK_BAB,Individuals who have basic or above basic overall digital skills,IND_TOTAL,All individuals,PC_IND,Percentage of individuals,IE,Ireland,2019,,53.38,,,,,
dataflow,ESTAT:ISOC_SK_DSKL_I$DEFAULTVIEW(1.0),Individuals' level of digital skills (2015-2019),A,Annual,I_DSK_BAB,Individuals who have basic or above basic overall digital skills,IND_TOTAL,All individuals,PC_IND,Percentage of individuals,IS,Iceland,2017,,85.40,,,,,
dataflow,ESTAT:ISOC_SK_DSKL_I$DEFAULTVIEW(1.0),Individuals' level of digital skills (2015-2019),A,Annual,I_DSK_BAB,Individuals who have basic or above basic overall digital skills,IND_TOTAL,All individuals,PC_IND,Percentage of individuals,IS,Iceland,2019,,85.37,,,,,
dataflow,ESTAT:ISOC_SK_DSKL_I$DEFAULTVIEW(1.0),Individuals' level of digital skills (2015-2019),A,Annual,I_DSK_BAB,Individuals who have basic or above basic overall digital skills,IND_TOTAL,All individuals,PC_IND,Percentage of individuals,IT,Italy,2015,,43.30,,,,,
dataflow,ESTAT:ISOC_SK_DSKL_I$DEFAULTVIEW(1.0),Individuals' level of digital skills (2015-2019),A,Annual,I_DSK_BAB,Individuals who have basic or above basic overall digital skills,IND_TOTAL,All individuals,PC_IND,Percentage of individuals,IT,Italy,2016,,43.65,,,,,
dataflow,ESTAT:ISOC_SK_DSKL_I$DEFAULTVIEW(1.0),Individuals' level of digital skills (2015-2019),A,Annual,I_DSK_BAB,Individuals who have basic or above basic overall digital skills,IND_TOTAL,All individuals,PC_IND,Percentage of individuals,IT,Italy,2017,,,,u,low reliability,,
dataflow,ESTAT:ISOC_SK_DSKL_I$DEFAULTVIEW(1.0),Individuals' level of digital skills (2015-2019),A,Annual,I_DSK_BAB,Individuals who have basic or above basic overall digital skills,IND_TOTAL,All individuals,PC_IND,Percentage of individuals,IT,Italy,2019,,41.51,,b,break in time series,,
dataflow,ESTAT:ISOC_SK_DSKL_I$DEFAULTVIEW(1.0),Individuals' level of digital skills (2015-2019),A,Annual,I_DSK_BAB,Individuals who have basic or above basic overall digital skills,IND_TOTAL,All individuals,PC_IND,Percentage of individuals,LT,Lithuania,2015,,51.24,,,,,
dataflow,ESTAT:ISOC_SK_DSKL_I$DEFAULTVIEW(1.0),Individuals' level of digital skills (2015-2019),A,Annual,I_DSK_BAB,Individuals who have basic or above basic overall digital skills,IND_TOTAL,All individuals,PC_IND,Percentage of individuals,LT,Lithuania,2016,,51.59,,,,,
dataflow,ESTAT:ISOC_SK_DSKL_I$DEFAULTVIEW(1.0),Individuals' level of digital skills (2015-2019),A,Annual,I_DSK_BAB,Individuals who have basic or above basic overall digital skills,IND_TOTAL,All individuals,PC_IND,Percentage of individuals,LT,Lithuania,2017,,54.78,,,,,
dataflow,ESTAT:ISOC_SK_DSKL_I$DEFAULTVIEW(1.0),Individuals' level of digital skills (2015-2019),A,Annual,I_DSK_BAB,Individuals who have basic or above basic overall digital skills,IND_TOTAL,All individuals,PC_IND,Percentage of individuals,LT,Lithuania,2019,,56.15,,,,,
dataflow,ESTAT:ISOC_SK_DSKL_I$DEFAULTVIEW(1.0),Individuals' level of digital skills (2015-2019),A,Annual,I_DSK_BAB,Individuals who have basic or above basic overall digital skills,IND_TOTAL,All individuals,PC_IND,Percentage of individuals,LU,Luxembourg,2015,,86.21,,,,,
dataflow,ESTAT:ISOC_SK_DSKL_I$DEFAULTVIEW(1.0),Individuals' level of digital skills (2015-2019),A,Annual,I_DSK_BAB,Individuals who have basic or above basic overall digital skills,IND_TOTAL,All individuals,PC_IND,Percentage of individuals,LU,Luxembourg,2016,,86.15,,,,,
dataflow,ESTAT:ISOC_SK_DSKL_I$DEFAULTVIEW(1.0),Individuals' level of digital skills (2015-2019),A,Annual,I_DSK_BAB,Individuals who have basic or above basic overall digital skills,IND_TOTAL,All individuals,PC_IND,Percentage of individuals,LU,Luxembourg,2017,,85.18,,,,,
dataflow,ESTAT:ISOC_SK_DSKL_I$DEFAULTVIEW(1.0),Individuals' level of digital skills (2015-2019),A,Annual,I_DSK_BAB,Individuals who have basic or above basic overall digital skills,IND_TOTAL,All individuals,PC_IND,Percentage of individuals,LU,Luxembourg,2019,,64.58,,b,break in time series,,
dataflow,ESTAT:ISOC_SK_DSKL_I$DEFAULTVIEW(1.0),Individuals' level of digital skills (2015-2019),A,Annual,I_DSK_BAB,Individuals who have basic or above basic overall digital skills,IND_TOTAL,All individuals,PC_IND,Percentage of individuals,LV,Latvia,2015,,49.20,,,,,
dataflow,ESTAT:ISOC_SK_DSKL_I$DEFAULTVIEW(1.0),Individuals' level of digital skills (2015-2019),A,Annual,I_DSK_BAB,Individuals who have basic or above basic overall digital skills,IND_TOTAL,All individuals,PC_IND,Percentage of individuals,LV,Latvia,2016,,50.36,,b,break in time series,,
dataflow,ESTAT:ISOC_SK_DSKL_I$DEFAULTVIEW(1.0),Individuals' level of digital skills (2015-2019),A,Annual,I_DSK_BAB,Individuals who have basic or above basic overall digital skills,IND_TOTAL,All individuals,PC_IND,Percentage of individuals,LV,Latvia,2017,,48.07,,,,,
dataflow,ESTAT:ISOC_SK_DSKL_I$DEFAULTVIEW(1.0),Individuals' level of digital skills (2015-2019),A,Annual,I_DSK_BAB,Individuals who have basic or above basic overall digital skills,IND_TOTAL,All individuals,PC_IND,Percentage of individuals,LV,Latvia,2019,,42.96,,b,break in time series,,
dataflow,ESTAT:ISOC_SK_DSKL_I$DEFAULTVIEW(1.0),Individuals' level of digital skills (2015-2019),A,Annual,I_DSK_BAB,Individuals who have basic or above basic overall digital skills,IND_TOTAL,All individuals,PC_IND,Percentage of individuals,ME,Montenegro,2017,,49.60,,,,,
dataflow,ESTAT:ISOC_SK_DSKL_I$DEFAULTVIEW(1.0),Individuals' level of digital skills (2015-2019),A,Annual,I_DSK_BAB,Individuals who have basic or above basic overall digital skills,IND_TOTAL,All individuals,PC_IND,Percentage of individuals,ME,Montenegro,2019,,,,u,low reliability,,
dataflow,ESTAT:ISOC_SK_DSKL_I$DEFAULTVIEW(1.0),Individuals' level of digital skills (2015-2019),A,Annual,I_DSK_BAB,Individuals who have basic or above basic overall digital skills,IND_TOTAL,All individuals,PC_IND,Percentage of individuals,MK,North Macedonia,2015,,37.08,,,,,
dataflow,ESTAT:ISOC_SK_DSKL_I$DEFAULTVIEW(1.0),Individuals' level of digital skills (2015-2019),A,Annual,I_DSK_BAB,Individuals who have basic or above basic overall digital skills,IND_TOTAL,All individuals,PC_IND,Percentage of individuals,MK,North Macedonia,2016,,33.90,,,,,
dataflow,ESTAT:ISOC_SK_DSKL_I$DEFAULTVIEW(1.0),Individuals' level of digital skills (2015-2019),A,Annual,I_DSK_BAB,Individuals who have basic or above basic overall digital skills,IND_TOTAL,All individuals,PC_IND,Percentage of individuals,MK,North Macedonia,2017,,32.49,,,,,
dataflow,ESTAT:ISOC_SK_DSKL_I$DEFAULTVIEW(1.0),Individuals' level of digital skills (2015-2019),A,Annual,I_DSK_BAB,Individuals who have basic or above basic overall digital skills,IND_TOTAL,All individuals,PC_IND,Percentage of individuals,MK,North Macedonia,2019,,31.55,,,,,
dataflow,ESTAT:ISOC_SK_DSKL_I$DEFAULTVIEW(1.0),Individuals' level of digital skills (2015-2019),A,Annual,I_DSK_BAB,Individuals who have basic or above basic overall digital skills,IND_TOTAL,All individuals,PC_IND,Percentage of individuals,MT,Malta,2015,,52.68,,,,,
dataflow,ESTAT:ISOC_SK_DSKL_I$DEFAULTVIEW(1.0),Individuals' level of digital skills (2015-2019),A,Annual,I_DSK_BAB,Individuals who have basic or above basic overall digital skills,IND_TOTAL,All individuals,PC_IND,Percentage of individuals,MT,Malta,2016,,49.61,,,,,
dataflow,ESTAT:ISOC_SK_DSKL_I$DEFAULTVIEW(1.0),Individuals' level of digital skills (2015-2019),A,Annual,I_DSK_BAB,Individuals who have basic or above basic overall digital skills,IND_TOTAL,All individuals,PC_IND,Percentage of individuals,MT,Malta,2017,,56.59,,,,,
dataflow,ESTAT:ISOC_SK_DSKL_I$DEFAULTVIEW(1.0),Individuals' level of digital skills (2015-2019),A,Annual,I_DSK_BAB,Individuals who have basic or above basic overall digital skills,IND_TOTAL,All individuals,PC_IND,Percentage of individuals,MT,Malta,2019,,55.82,,,,,
dataflow,ESTAT:ISOC_SK_DSKL_I$DEFAULTVIEW(1.0),Individuals' level of digital skills (2015-2019),A,Annual,I_DSK_BAB,Individuals who have basic or above basic overall digital skills,IND_TOTAL,All individuals,PC_IND,Percentage of individuals,NL,Netherlands,2015,,72.43,,,,,
dataflow,ESTAT:ISOC_SK_DSKL_I$DEFAULTVIEW(1.0),Individuals' level of digital skills (2015-2019),A,Annual,I_DSK_BAB,Individuals who have basic or above basic overall digital skills,IND_TOTAL,All individuals,PC_IND,Percentage of individuals,NL,Netherlands,2016,,76.51,,,,,
dataflow,ESTAT:ISOC_SK_DSKL_I$DEFAULTVIEW(1.0),Individuals' level of digital skills (2015-2019),A,Annual,I_DSK_BAB,Individuals who have basic or above basic overall digital skills,IND_TOTAL,All individuals,PC_IND,Percentage of individuals,NL,Netherlands,2017,,79.49,,,,,
dataflow,ESTAT:ISOC_SK_DSKL_I$DEFAULTVIEW(1.0),Individuals' level of digital skills (2015-2019),A,Annual,I_DSK_BAB,Individuals who have basic or above basic overall digital skills,IND_TOTAL,All individuals,PC_IND,Percentage of individuals,NL,Netherlands,2019,,79.37,,,,,
dataflow,ESTAT:ISOC_SK_DSKL_I$DEFAULTVIEW(1.0),Individuals' level of digital skills (2015-2019),A,Annual,I_DSK_BAB,Individuals who have basic or above basic overall digital skills,IND_TOTAL,All individuals,PC_IND,Percentage of individuals,NO,Norway,2015,,79.86,,,,,
dataflow,ESTAT:ISOC_SK_DSKL_I$DEFAULTVIEW(1.0),Individuals' level of digital skills (2015-2019),A,Annual,I_DSK_BAB,Individuals who have basic or above basic overall digital skills,IND_TOTAL,All individuals,PC_IND,Percentage of individuals,NO,Norway,2016,,74.76,,,,,
dataflow,ESTAT:ISOC_SK_DSKL_I$DEFAULTVIEW(1.0),Individuals' level of digital skills (2015-2019),A,Annual,I_DSK_BAB,Individuals who have basic or above basic overall digital skills,IND_TOTAL,All individuals,PC_IND,Percentage of individuals,NO,Norway,2017,,77.02,,,,,
dataflow,ESTAT:ISOC_SK_DSKL_I$DEFAULTVIEW(1.0),Individuals' level of digital skills (2015-2019),A,Annual,I_DSK_BAB,Individuals who have basic or above basic overall digital skills,IND_TOTAL,All individuals,PC_IND,Percentage of individuals,NO,Norway,2019,,82.55,,,,,
dataflow,ESTAT:ISOC_SK_DSKL_I$DEFAULTVIEW(1.0),Individuals' level of digital skills (2015-2019),A,Annual,I_DSK_BAB,Individuals who have basic or above basic overall digital skills,IND_TOTAL,All individuals,PC_IND,Percentage of individuals,PL,Poland,2015,,40.04,,,,,
dataflow,ESTAT:ISOC_SK_DSKL_I$DEFAULTVIEW(1.0),Individuals' level of digital skills (2015-2019),A,Annual,I_DSK_BAB,Individuals who have basic or above basic overall digital skills,IND_TOTAL,All individuals,PC_IND,Percentage of individuals,PL,Poland,2016,,44.42,,,,,
dataflow,ESTAT:ISOC_SK_DSKL_I$DEFAULTVIEW(1.0),Individuals' level of digital skills (2015-2019),A,Annual,I_DSK_BAB,Individuals who have basic or above basic overall digital skills,IND_TOTAL,All individuals,PC_IND,Percentage of individuals,PL,Poland,2017,,46.38,,,,,
dataflow,ESTAT:ISOC_SK_DSKL_I$DEFAULTVIEW(1.0),Individuals' level of digital skills (2015-2019),A,Annual,I_DSK_BAB,Individuals who have basic or above basic overall digital skills,IND_TOTAL,All individuals,PC_IND,Percentage of individuals,PL,Poland,2019,,44.45,,,,,
dataflow,ESTAT:ISOC_SK_DSKL_I$DEFAULTVIEW(1.0),Individuals' level of digital skills (2015-2019),A,Annual,I_DSK_BAB,Individuals who have basic or above basic overall digital skills,IND_TOTAL,All individuals,PC_IND,Percentage of individuals,PT,Portugal,2015,,47.63,,,,,
dataflow,ESTAT:ISOC_SK_DSKL_I$DEFAULTVIEW(1.0),Individuals' level of digital skills (2015-2019),A,Annual,I_DSK_BAB,Individuals who have basic or above basic overall digital skills,IND_TOTAL,All individuals,PC_IND,Percentage of individuals,PT,Portugal,2016,,47.65,,,,,
dataflow,ESTAT:ISOC_SK_DSKL_I$DEFAULTVIEW(1.0),Individuals' level of digital skills (2015-2019),A,Annual,I_DSK_BAB,Individuals who have basic or above basic overall digital skills,IND_TOTAL,All individuals,PC_IND,Percentage of individuals,PT,Portugal,2017,,50.26,,,,,
dataflow,ESTAT:ISOC_SK_DSKL_I$DEFAULTVIEW(1.0),Individuals' level of digital skills (2015-2019),A,Annual,I_DSK_BAB,Individuals who have basic or above basic overall digital skills,IND_TOTAL,All individuals,PC_IND,Percentage of individuals,PT,Portugal,2019,,51.76,,,,,
dataflow,ESTAT:ISOC_SK_DSKL_I$DEFAULTVIEW(1.0),Individuals' level of digital skills (2015-2019),A,Annual,I_DSK_BAB,Individuals who have basic or above basic overall digital skills,IND_TOTAL,All individuals,PC_IND,Percentage of individuals,RO,Romania,2015,,26.28,,,,,
dataflow,ESTAT:ISOC_SK_DSKL_I$DEFAULTVIEW(1.0),Individuals' level of digital skills (2015-2019),A,Annual,I_DSK_BAB,Individuals who have basic or above basic overall digital skills,IND_TOTAL,All individuals,PC_IND,Percentage of individuals,RO,Romania,2016,,27.65,,,,,
dataflow,ESTAT:ISOC_SK_DSKL_I$DEFAULTVIEW(1.0),Individuals' level of digital skills (2015-2019),A,Annual,I_DSK_BAB,Individuals who have basic or above basic overall digital skills,IND_TOTAL,All individuals,PC_IND,Percentage of individuals,RO,Romania,2017,,29.05,,,,,
dataflow,ESTAT:ISOC_SK_DSKL_I$DEFAULTVIEW(1.0),Individuals' level of digital skills (2015-2019),A,Annual,I_DSK_BAB,Individuals who have basic or above basic overall digital skills,IND_TOTAL,All individuals,PC_IND,Percentage of individuals,RO,Romania,2019,,30.97,,,,,
dataflow,ESTAT:ISOC_SK_DSKL_I$DEFAULTVIEW(1.0),Individuals' level of digital skills (2015-2019),A,Annual,I_DSK_BAB,Individuals who have basic or above basic overall digital skills,IND_TOTAL,All individuals,PC_IND,Percentage of individuals,RS,Serbia,2015,,31.89,,,,,
dataflow,ESTAT:ISOC_SK_DSKL_I$DEFAULTVIEW(1.0),Individuals' level of digital skills (2015-2019),A,Annual,I_DSK_BAB,Individuals who have basic or above basic overall digital skills,IND_TOTAL,All individuals,PC_IND,Percentage of individuals,RS,Serbia,2017,,38.87,,,,,
dataflow,ESTAT:ISOC_SK_DSKL_I$DEFAULTVIEW(1.0),Individuals' level of digital skills (2015-2019),A,Annual,I_DSK_BAB,Individuals who have basic or above basic overall digital skills,IND_TOTAL,All individuals,PC_IND,Percentage of individuals,RS,Serbia,2019,,45.72,,,,,
dataflow,ESTAT:ISOC_SK_DSKL_I$DEFAULTVIEW(1.0),Individuals' level of digital skills (2015-2019),A,Annual,I_DSK_BAB,Individuals who have basic or above basic overall digital skills,IND_TOTAL,All individuals,PC_IND,Percentage of individuals,SE,Sweden,2015,,71.58,,,,,
dataflow,ESTAT:ISOC_SK_DSKL_I$DEFAULTVIEW(1.0),Individuals' level of digital skills (2015-2019),A,Annual,I_DSK_BAB,Individuals who have basic or above basic overall digital skills,IND_TOTAL,All individuals,PC_IND,Percentage of individuals,SE,Sweden,2016,,68.64,,b,break in time series,,
dataflow,ESTAT:ISOC_SK_DSKL_I$DEFAULTVIEW(1.0),Individuals' level of digital skills (2015-2019),A,Annual,I_DSK_BAB,Individuals who have basic or above basic overall digital skills,IND_TOTAL,All individuals,PC_IND,Percentage of individuals,SE,Sweden,2017,,77.20,,,,,
dataflow,ESTAT:ISOC_SK_DSKL_I$DEFAULTVIEW(1.0),Individuals' level of digital skills (2015-2019),A,Annual,I_DSK_BAB,Individuals who have basic or above basic overall digital skills,IND_TOTAL,All individuals,PC_IND,Percentage of individuals,SE,Sweden,2019,,72.42,,u,low reliability,,
dataflow,ESTAT:ISOC_SK_DSKL_I$DEFAULTVIEW(1.0),Individuals' level of digital skills (2015-2019),A,Annual,I_DSK_BAB,Individuals who have basic or above basic overall digital skills,IND_TOTAL,All individuals,PC_IND,Percentage of individuals,SI,Slovenia,2015,,50.90,,,,,
dataflow,ESTAT:ISOC_SK_DSKL_I$DEFAULTVIEW(1.0),Individuals' level of digital skills (2015-2019),A,Annual,I_DSK_BAB,Individuals who have basic or above basic overall digital skills,IND_TOTAL,All individuals,PC_IND,Percentage of individuals,SI,Slovenia,2016,,52.91,,,,,
dataflow,ESTAT:ISOC_SK_DSKL_I$DEFAULTVIEW(1.0),Individuals' level of digital skills (2015-2019),A,Annual,I_DSK_BAB,Individuals who have basic or above basic overall digital skills,IND_TOTAL,All individuals,PC_IND,Percentage of individuals,SI,Slovenia,2017,,54.00,,,,,
dataflow,ESTAT:ISOC_SK_DSKL_I$DEFAULTVIEW(1.0),Individuals' level of digital skills (2015-2019),A,Annual,I_DSK_BAB,Individuals who have basic or above basic overall digital skills,IND_TOTAL,All individuals,PC_IND,Percentage of individuals,SI,Slovenia,2019,,55.13,,,,,
dataflow,ESTAT:ISOC_SK_DSKL_I$DEFAULTVIEW(1.0),Individuals' level of digital skills (2015-2019),A,Annual,I_DSK_BAB,Individuals who have basic or above basic overall digital skills,IND_TOTAL,All individuals,PC_IND,Percentage of individuals,SK,Slovakia,2015,,53.15,,,,,
dataflow,ESTAT:ISOC_SK_DSKL_I$DEFAULTVIEW(1.0),Individuals' level of digital skills (2015-2019),A,Annual,I_DSK_BAB,Individuals who have basic or above basic overall digital skills,IND_TOTAL,All individuals,PC_IND,Percentage of individuals,SK,Slovakia,2016,,55.26,,,,,
dataflow,ESTAT:ISOC_SK_DSKL_I$DEFAULTVIEW(1.0),Individuals' level of digital skills (2015-2019),A,Annual,I_DSK_BAB,Individuals who have basic or above basic overall digital skills,IND_TOTAL,All individuals,PC_IND,Percentage of individuals,SK,Slovakia,2017,,59.01,,,,,
dataflow,ESTAT:ISOC_SK_DSKL_I$DEFAULTVIEW(1.0),Individuals' level of digital skills (2015-2019),A,Annual,I_DSK_BAB,Individuals who have basic or above basic overall digital skills,IND_TOTAL,All individuals,PC_IND,Percentage of individuals,SK,Slovakia,2019,,53.87,,,,,
dataflow,ESTAT:ISOC_SK_DSKL_I$DEFAULTVIEW(1.0),Individuals' level of digital skills (2015-2019),A,Annual,I_DSK_BAB,Individuals who have basic or above basic overall digital skills,IND_TOTAL,All individuals,PC_IND,Percentage of individuals,TR,Türkiye,2015,,23.31,,,,,
dataflow,ESTAT:ISOC_SK_DSKL_I$DEFAULTVIEW(1.0),Individuals' level of digital skills (2015-2019),A,Annual,I_DSK_BAB,Individuals who have basic or above basic overall digital skills,IND_TOTAL,All individuals,PC_IND,Percentage of individuals,TR,Türkiye,2016,,28.39,,,,,
dataflow,ESTAT:ISOC_SK_DSKL_I$DEFAULTVIEW(1.0),Individuals' level of digital skills (2015-2019),A,Annual,I_DSK_BAB,Individuals who have basic or above basic overall digital skills,IND_TOTAL,All individuals,PC_IND,Percentage of individuals,TR,Türkiye,2017,,34.11,,,,,
dataflow,ESTAT:ISOC_SK_DSKL_I$DEFAULTVIEW(1.0),Individuals' level of digital skills (2015-2019),A,Annual,I_DSK_BAB,Individuals who have basic or above basic overall digital skills,IND_TOTAL,All individuals,PC_IND,Percentage of individuals,TR,Türkiye,2019,,35.81,,,,,
dataflow,ESTAT:ISOC_SK_DSKL_I$DEFAULTVIEW(1.0),Individuals' level of digital skills (2015-2019),A,Annual,I_DSK_BAB,Individuals who have basic or above basic overall digital skills,IND_TOTAL,All individuals,PC_IND,Percentage of individuals,UK,United Kingdom,2015,,67.27,,,,,
dataflow,ESTAT:ISOC_SK_DSKL_I$DEFAULTVIEW(1.0),Individuals' level of digital skills (2015-2019),A,Annual,I_DSK_BAB,Individuals who have basic or above basic overall digital skills,IND_TOTAL,All individuals,PC_IND,Percentage of individuals,UK,United Kingdom,2016,,68.75,,,,,
dataflow,ESTAT:ISOC_SK_DSKL_I$DEFAULTVIEW(1.0),Individuals' level of digital skills (2015-2019),A,Annual,I_DSK_BAB,Individuals who have basic or above basic overall digital skills,IND_TOTAL,All individuals,PC_IND,Percentage of individuals,UK,United Kingdom,2017,,70.55,,,,,
dataflow,ESTAT:ISOC_SK_DSKL_I$DEFAULTVIEW(1.0),Individuals' level of digital skills (2015-2019),A,Annual,I_DSK_BAB,Individuals who have basic or above basic overall digital skills,IND_TOTAL,All individuals,PC_IND,Percentage of individuals,UK,United Kingdom,2019,,73.89,,,,,
dataflow,ESTAT:ISOC_SK_DSKL_I$DEFAULTVIEW(1.0),Individuals' level of digital skills (2015-2019),A,Annual,I_DSK_BAB,Individuals who have basic or above basic overall digital skills,IND_TOTAL,All individuals,PC_IND,Percentage of individuals,XK,Kosovo*,2017,,21.06,,,,,
dataflow,ESTAT:ISOC_SK_DSKL_I$DEFAULTVIEW(1.0),Individuals' level of digital skills (2015-2019),A,Annual,I_DSK_BAB,Individuals who have basic or above basic overall digital skills,IND_TOTAL,All individuals,PC_IND,Percentage of individuals,XK,Kosovo*,2019,,27.57,,,,,
dataflow,ESTAT:ISOC_SK_DSKL_I$DEFAULTVIEW(1.0),Individuals' level of digital skills (2015-2019),A,Annual,I_DSK_L,Individuals who have low overall digital skills,IND_TOTAL,All individuals,PC_IND,Percentage of individuals,AL,Albania,2019,,46.71,,,,,
dataflow,ESTAT:ISOC_SK_DSKL_I$DEFAULTVIEW(1.0),Individuals' level of digital skills (2015-2019),A,Annual,I_DSK_L,Individuals who have low overall digital skills,IND_TOTAL,All individuals,PC_IND,Percentage of individuals,AT,Austria,2015,,18.96,,,,,
dataflow,ESTAT:ISOC_SK_DSKL_I$DEFAULTVIEW(1.0),Individuals' level of digital skills (2015-2019),A,Annual,I_DSK_L,Individuals who have low overall digital skills,IND_TOTAL,All individuals,PC_IND,Percentage of individuals,AT,Austria,2016,,18.39,,,,,
dataflow,ESTAT:ISOC_SK_DSKL_I$DEFAULTVIEW(1.0),Individuals' level of digital skills (2015-2019),A,Annual,I_DSK_L,Individuals who have low overall digital skills,IND_TOTAL,All individuals,PC_IND,Percentage of individuals,AT,Austria,2017,,19.19,,,,,
dataflow,ESTAT:ISOC_SK_DSKL_I$DEFAULTVIEW(1.0),Individuals' level of digital skills (2015-2019),A,Annual,I_DSK_L,Individuals who have low overall digital skills,IND_TOTAL,All individuals,PC_IND,Percentage of individuals,AT,Austria,2019,,20.93,,,,,
dataflow,ESTAT:ISOC_SK_DSKL_I$DEFAULTVIEW(1.0),Individuals' level of digital skills (2015-2019),A,Annual,I_DSK_L,Individuals who have low overall digital skills,IND_TOTAL,All individuals,PC_IND,Percentage of individuals,BA,Bosnia and Herzegovina,2019,,45.54,,,,,
dataflow,ESTAT:ISOC_SK_DSKL_I$DEFAULTVIEW(1.0),Individuals' level of digital skills (2015-2019),A,Annual,I_DSK_L,Individuals who have low overall digital skills,IND_TOTAL,All individuals,PC_IND,Percentage of individuals,BE,Belgium,2015,,24.40,,,,,
dataflow,ESTAT:ISOC_SK_DSKL_I$DEFAULTVIEW(1.0),Individuals' level of digital skills (2015-2019),A,Annual,I_DSK_L,Individuals who have low overall digital skills,IND_TOTAL,All individuals,PC_IND,Percentage of individuals,BE,Belgium,2016,,25.37,,,,,
dataflow,ESTAT:ISOC_SK_DSKL_I$DEFAULTVIEW(1.0),Individuals' level of digital skills (2015-2019),A,Annual,I_DSK_L,Individuals who have low overall digital skills,IND_TOTAL,All individuals,PC_IND,Percentage of individuals,BE,Belgium,2017,,26.92,,,,,
dataflow,ESTAT:ISOC_SK_DSKL_I$DEFAULTVIEW(1.0),Individuals' level of digital skills (2015-2019),A,Annual,I_DSK_L,Individuals who have low overall digital skills,IND_TOTAL,All individuals,PC_IND,Percentage of individuals,BE,Belgium,2019,,29.23,,,,,
dataflow,ESTAT:ISOC_SK_DSKL_I$DEFAULTVIEW(1.0),Individuals' level of digital skills (2015-2019),A,Annual,I_DSK_L,Individuals who have low overall digital skills,IND_TOTAL,All individuals,PC_IND,Percentage of individuals,BG,Bulgaria,2015,,25.08,,,,,
dataflow,ESTAT:ISOC_SK_DSKL_I$DEFAULTVIEW(1.0),Individuals' level of digital skills (2015-2019),A,Annual,I_DSK_L,Individuals who have low overall digital skills,IND_TOTAL,All individuals,PC_IND,Percentage of individuals,BG,Bulgaria,2016,,32.66,,,,,
dataflow,ESTAT:ISOC_SK_DSKL_I$DEFAULTVIEW(1.0),Individuals' level of digital skills (2015-2019),A,Annual,I_DSK_L,Individuals who have low overall digital skills,IND_TOTAL,All individuals,PC_IND,Percentage of individuals,BG,Bulgaria,2017,,33.51,,,,,
dataflow,ESTAT:ISOC_SK_DSKL_I$DEFAULTVIEW(1.0),Individuals' level of digital skills (2015-2019),A,Annual,I_DSK_L,Individuals who have low overall digital skills,IND_TOTAL,All individuals,PC_IND,Percentage of individuals,BG,Bulgaria,2019,,38.12,,,,,
dataflow,ESTAT:ISOC_SK_DSKL_I$DEFAULTVIEW(1.0),Individuals' level of digital skills (2015-2019),A,Annual,I_DSK_L,Individuals who have low overall digital skills,IND_TOTAL,All individuals,PC_IND,Percentage of individuals,CH,Switzerland,2017,,17.42,,b,break in time series,,
dataflow,ESTAT:ISOC_SK_DSKL_I$DEFAULTVIEW(1.0),Individuals' level of digital skills (2015-2019),A,Annual,I_DSK_L,Individuals who have low overall digital skills,IND_TOTAL,All individuals,PC_IND,Percentage of individuals,CH,Switzerland,2019,,19.00,,b,break in time series,,
dataflow,ESTAT:ISOC_SK_DSKL_I$DEFAULTVIEW(1.0),Individuals' level of digital skills (2015-2019),A,Annual,I_DSK_L,Individuals who have low overall digital skills,IND_TOTAL,All individuals,PC_IND,Percentage of individuals,CY,Cyprus,2015,,28.45,,,,,
dataflow,ESTAT:ISOC_SK_DSKL_I$DEFAULTVIEW(1.0),Individuals' level of digital skills (2015-2019),A,Annual,I_DSK_L,Individuals who have low overall digital skills,IND_TOTAL,All individuals,PC_IND,Percentage of individuals,CY,Cyprus,2016,,32.08,,,,,
dataflow,ESTAT:ISOC_SK_DSKL_I$DEFAULTVIEW(1.0),Individuals' level of digital skills (2015-2019),A,Annual,I_DSK_L,Individuals who have low overall digital skills,IND_TOTAL,All individuals,PC_IND,Percentage of individuals,CY,Cyprus,2017,,29.38,,,,,
dataflow,ESTAT:ISOC_SK_DSKL_I$DEFAULTVIEW(1.0),Individuals' level of digital skills (2015-2019),A,Annual,I_DSK_L,Individuals who have low overall digital skills,IND_TOTAL,All individuals,PC_IND,Percentage of individuals,CY,Cyprus,2019,,40.51,,,,,
dataflow,ESTAT:ISOC_SK_DSKL_I$DEFAULTVIEW(1.0),Individuals' level of digital skills (2015-2019),A,Annual,I_DSK_L,Individuals who have low overall digital skills,IND_TOTAL,All individuals,PC_IND,Percentage of individuals,CZ,Czechia,2015,,23.17,,,,,
dataflow,ESTAT:ISOC_SK_DSKL_I$DEFAULTVIEW(1.0),Individuals' level of digital skills (2015-2019),A,Annual,I_DSK_L,Individuals who have low overall digital skills,IND_TOTAL,All individuals,PC_IND,Percentage of individuals,CZ,Czechia,2016,,27.65,,,,,
dataflow,ESTAT:ISOC_SK_DSKL_I$DEFAULTVIEW(1.0),Individuals' level of digital skills (2015-2019),A,Annual,I_DSK_L,Individuals who have low overall digital skills,IND_TOTAL,All individuals,PC_IND,Percentage of individuals,CZ,Czechia,2017,,23.94,,,,,
dataflow,ESTAT:ISOC_SK_DSKL_I$DEFAULTVIEW(1.0),Individuals' level of digital skills (2015-2019),A,Annual,I_DSK_L,Individuals who have low overall digital skills,IND_TOTAL,All individuals,PC_IND,Percentage of individuals,CZ,Czechia,2019,,24.36,,b,break in time series,,
dataflow,ESTAT:ISOC_SK_DSKL_I$DEFAULTVIEW(1.0),Individuals' level of digital skills (2015-2019),A,Annual,I_DSK_L,Individuals who have low overall digital skills,IND_TOTAL,All individuals,PC_IND,Percentage of individuals,DE,Germany,2015,,20.65,,,,,
dataflow,ESTAT:ISOC_SK_DSKL_I$DEFAULTVIEW(1.0),Individuals' level of digital skills (2015-2019),A,Annual,I_DSK_L,Individuals who have low overall digital skills,IND_TOTAL,All individuals,PC_IND,Percentage of individuals,DE,Germany,2016,,21.85,,,,,
dataflow,ESTAT:ISOC_SK_DSKL_I$DEFAULTVIEW(1.0),Individuals' level of digital skills (2015-2019),A,Annual,I_DSK_L,Individuals who have low overall digital skills,IND_TOTAL,All individuals,PC_IND,Percentage of individuals,DE,Germany,2017,,21.73,,,,,
dataflow,ESTAT:ISOC_SK_DSKL_I$DEFAULTVIEW(1.0),Individuals' level of digital skills (2015-2019),A,Annual,I_DSK_L,Individuals who have low overall digital skills,IND_TOTAL,All individuals,PC_IND,Percentage of individuals,DE,Germany,2019,,22.49,,,,,
dataflow,ESTAT:ISOC_SK_DSKL_I$DEFAULTVIEW(1.0),Individuals' level of digital skills (2015-2019),A,Annual,I_DSK_L,Individuals who have low overall digital skills,IND_TOTAL,All individuals,PC_IND,Percentage of individuals,DK,Denmark,2015,,20.23,,,,,
dataflow,ESTAT:ISOC_SK_DSKL_I$DEFAULTVIEW(1.0),Individuals' level of digital skills (2015-2019),A,Annual,I_DSK_L,Individuals who have low overall digital skills,IND_TOTAL,All individuals,PC_IND,Percentage of individuals,DK,Denmark,2016,,18.52,,,,,
dataflow,ESTAT:ISOC_SK_DSKL_I$DEFAULTVIEW(1.0),Individuals' level of digital skills (2015-2019),A,Annual,I_DSK_L,Individuals who have low overall digital skills,IND_TOTAL,All individuals,PC_IND,Percentage of individuals,DK,Denmark,2017,,25.75,,,,,
dataflow,ESTAT:ISOC_SK_DSKL_I$DEFAULTVIEW(1.0),Individuals' level of digital skills (2015-2019),A,Annual,I_DSK_L,Individuals who have low overall digital skills,IND_TOTAL,All individuals,PC_IND,Percentage of individuals,DK,Denmark,2019,,26.70,,,,,
dataflow,ESTAT:ISOC_SK_DSKL_I$DEFAULTVIEW(1.0),Individuals' level of digital skills (2015-2019),A,Annual,I_DSK_L,Individuals who have low overall digital skills,IND_TOTAL,All individuals,PC_IND,Percentage of individuals,EA,"Euro area (EA11-1999, EA12-2001, EA13-2007, EA15-2008, EA16-2009, EA17-2011, EA18-2014, EA19-2015, EA20-2023, EA21-2026)",2015,,22.61,,,,,
dataflow,ESTAT:ISOC_SK_DSKL_I$DEFAULTVIEW(1.0),Individuals' level of digital skills (2015-2019),A,Annual,I_DSK_L,Individuals who have low overall digital skills,IND_TOTAL,All individuals,PC_IND,Percentage of individuals,EA,"Euro area (EA11-1999, EA12-2001, EA13-2007, EA15-2008, EA16-2009, EA17-2011, EA18-2014, EA19-2015, EA20-2023, EA21-2026)",2016,,24.00,,,,,
dataflow,ESTAT:ISOC_SK_DSKL_I$DEFAULTVIEW(1.0),Individuals' level of digital skills (2015-2019),A,Annual,I_DSK_L,Individuals who have low overall digital skills,IND_TOTAL,All individuals,PC_IND,Percentage of individuals,EA,"Euro area (EA11-1999, EA12-2001, EA13-2007, EA15-2008, EA16-2009, EA17-2011, EA18-2014, EA19-2015, EA20-2023, EA21-2026)",2017,,25.07,,,,,
dataflow,ESTAT:ISOC_SK_DSKL_I$DEFAULTVIEW(1.0),Individuals' level of digital skills (2015-2019),A,Annual,I_DSK_L,Individuals who have low overall digital skills,IND_TOTAL,All individuals,PC_IND,Percentage of individuals,EA,"Euro area (EA11-1999, EA12-2001, EA13-2007, EA15-2008, EA16-2009, EA17-2011, EA18-2014, EA19-2015, EA20-2023, EA21-2026)",2019,,27.48,,,,,
dataflow,ESTAT:ISOC_SK_DSKL_I$DEFAULTVIEW(1.0),Individuals' level of digital skills (2015-2019),A,Annual,I_DSK_L,Individuals who have low overall digital skills,IND_TOTAL,All individuals,PC_IND,Percentage of individuals,EE,Estonia,2015,,23.18,,,,,
dataflow,ESTAT:ISOC_SK_DSKL_I$DEFAULTVIEW(1.0),Individuals' level of digital skills (2015-2019),A,Annual,I_DSK_L,Individuals who have low overall digital skills,IND_TOTAL,All individuals,PC_IND,Percentage of individuals,EE,Estonia,2016,,26.22,,,,,
dataflow,ESTAT:ISOC_SK_DSKL_I$DEFAULTVIEW(1.0),Individuals' level of digital skills (2015-2019),A,Annual,I_DSK_L,Individuals who have low overall digital skills,IND_TOTAL,All individuals,PC_IND,Percentage of individuals,EE,Estonia,2017,,27.05,,,,,
dataflow,ESTAT:ISOC_SK_DSKL_I$DEFAULTVIEW(1.0),Individuals' level of digital skills (2015-2019),A,Annual,I_DSK_L,Individuals who have low overall digital skills,IND_TOTAL,All individuals,PC_IND,Percentage of individuals,EE,Estonia,2019,,27.81,,,,,
dataflow,ESTAT:ISOC_SK_DSKL_I$DEFAULTVIEW(1.0),Individuals' level of digital skills (2015-2019),A,Annual,I_DSK_L,Individuals who have low overall digital skills,IND_TOTAL,All individuals,PC_IND,Percentage of individuals,EL,Greece,2015,,22.15,,,,,
dataflow,ESTAT:ISOC_SK_DSKL_I$DEFAULTVIEW(1.0),Individuals' level of digital skills (2015-2019),A,Annual,I_DSK_L,Individuals who have low overall digital skills,IND_TOTAL,All individuals,PC_IND,Percentage of individuals,EL,Greece,2016,,22.61,,,,,
dataflow,ESTAT:ISOC_SK_DSKL_I$DEFAULTVIEW(1.0),Individuals' level of digital skills (2015-2019),A,Annual,I_DSK_L,Individuals who have low overall digital skills,IND_TOTAL,All individuals,PC_IND,Percentage of individuals,EL,Greece,2017,,23.15,,,,,
dataflow,ESTAT:ISOC_SK_DSKL_I$DEFAULTVIEW(1.0),Individuals' level of digital skills (2015-2019),A,Annual,I_DSK_L,Individuals who have low overall digital skills,IND_TOTAL,All individuals,PC_IND,Percentage of individuals,EL,Greece,2019,,24.19,,,,,
dataflow,ESTAT:ISOC_SK_DSKL_I$DEFAULTVIEW(1.0),Individuals' level of digital skills (2015-2019),A,Annual,I_DSK_L,Individuals who have low overall digital skills,IND_TOTAL,All individuals,PC_IND,Percentage of individuals,ES,Spain,2015,,22.83,,,,,
dataflow,ESTAT:ISOC_SK_DSKL_I$DEFAULTVIEW(1.0),Individuals' level of digital skills (2015-2019),A,Annual,I_DSK_L,Individuals who have low overall digital skills,IND_TOTAL,All individuals,PC_IND,Percentage of individuals,ES,Spain,2016,,25.34,,,,,
dataflow,ESTAT:ISOC_SK_DSKL_I$DEFAULTVIEW(1.0),Individuals' level of digital skills (2015-2019),A,Annual,I_DSK_L,Individuals who have low overall digital skills,IND_TOTAL,All individuals,PC_IND,Percentage of individuals,ES,Spain,2017,,27.81,,,,,
dataflow,ESTAT:ISOC_SK_DSKL_I$DEFAULTVIEW(1.0),Individuals' level of digital skills (2015-2019),A,Annual,I_DSK_L,Individuals who have low overall digital skills,IND_TOTAL,All individuals,PC_IND,Percentage of individuals,ES,Spain,2019,,31.49,,,,,
dataflow,ESTAT:ISOC_SK_DSKL_I$DEFAULTVIEW(1.0),Individuals' level of digital skills (2015-2019),A,Annual,I_DSK_L,Individuals who have low overall digital skills,IND_TOTAL,All individuals,PC_IND,Percentage of individuals,EU15,European Union - 15 countries (1995-2004),2015,,22.64,,,,,
dataflow,ESTAT:ISOC_SK_DSKL_I$DEFAULTVIEW(1.0),Individuals' level of digital skills (2015-2019),A,Annual,I_DSK_L,Individuals who have low overall digital skills,IND_TOTAL,All individuals,PC_IND,Percentage of individuals,EU15,European Union - 15 countries (1995-2004),2016,,24.08,,,,,
dataflow,ESTAT:ISOC_SK_DSKL_I$DEFAULTVIEW(1.0),Individuals' level of digital skills (2015-2019),A,Annual,I_DSK_L,Individuals who have low overall digital skills,IND_TOTAL,All individuals,PC_IND,Percentage of individuals,EU15,European Union - 15 countries (1995-2004),2017,,24.67,,,,,
dataflow,ESTAT:ISOC_SK_DSKL_I$DEFAULTVIEW(1.0),Individuals' level of digital skills (2015-2019),A,Annual,I_DSK_L,Individuals who have low overall digital skills,IND_TOTAL,All individuals,PC_IND,Percentage of individuals,EU27_2007,European Union - 27 countries (2007-2013),2015,,23.34,,,,,
dataflow,ESTAT:ISOC_SK_DSKL_I$DEFAULTVIEW(1.0),Individuals' level of digital skills (2015-2019),A,Annual,I_DSK_L,Individuals who have low overall digital skills,IND_TOTAL,All individuals,PC_IND,Percentage of individuals,EU27_2007,European Union - 27 countries (2007-2013),2016,,25.00,,,,,
dataflow,ESTAT:ISOC_SK_DSKL_I$DEFAULTVIEW(1.0),Individuals' level of digital skills (2015-2019),A,Annual,I_DSK_L,Individuals who have low overall digital skills,IND_TOTAL,All individuals,PC_IND,Percentage of individuals,EU27_2007,European Union - 27 countries (2007-2013),2017,,25.53,,,,,
dataflow,ESTAT:ISOC_SK_DSKL_I$DEFAULTVIEW(1.0),Individuals' level of digital skills (2015-2019),A,Annual,I_DSK_L,Individuals who have low overall digital skills,IND_TOTAL,All individuals,PC_IND,Percentage of individuals,EU27_2020,European Union - 27 countries (from 2020),2015,,23.18,,,,,
dataflow,ESTAT:ISOC_SK_DSKL_I$DEFAULTVIEW(1.0),Individuals' level of digital skills (2015-2019),A,Annual,I_DSK_L,Individuals who have low overall digital skills,IND_TOTAL,All individuals,PC_IND,Percentage of individuals,EU27_2020,European Union - 27 countries (from 2020),2016,,24.89,,,,,
dataflow,ESTAT:ISOC_SK_DSKL_I$DEFAULTVIEW(1.0),Individuals' level of digital skills (2015-2019),A,Annual,I_DSK_L,Individuals who have low overall digital skills,IND_TOTAL,All individuals,PC_IND,Percentage of individuals,EU27_2020,European Union - 27 countries (from 2020),2017,,25.83,,,,,
dataflow,ESTAT:ISOC_SK_DSKL_I$DEFAULTVIEW(1.0),Individuals' level of digital skills (2015-2019),A,Annual,I_DSK_L,Individuals who have low overall digital skills,IND_TOTAL,All individuals,PC_IND,Percentage of individuals,EU27_2020,European Union - 27 countries (from 2020),2019,,28.89,,,,,
dataflow,ESTAT:ISOC_SK_DSKL_I$DEFAULTVIEW(1.0),Individuals' level of digital skills (2015-2019),A,Annual,I_DSK_L,Individuals who have low overall digital skills,IND_TOTAL,All individuals,PC_IND,Percentage of individuals,EU28,European Union - 28 countries (2013-2020),2015,,23.30,,,,,
dataflow,ESTAT:ISOC_SK_DSKL_I$DEFAULTVIEW(1.0),Individuals' level of digital skills (2015-2019),A,Annual,I_DSK_L,Individuals who have low overall digital skills,IND_TOTAL,All individuals,PC_IND,Percentage of individuals,EU28,European Union - 28 countries (2013-2020),2016,,24.94,,,,,
dataflow,ESTAT:ISOC_SK_DSKL_I$DEFAULTVIEW(1.0),Individuals' level of digital skills (2015-2019),A,Annual,I_DSK_L,Individuals who have low overall digital skills,IND_TOTAL,All individuals,PC_IND,Percentage of individuals,EU28,European Union - 28 countries (2013-2020),2017,,25.53,,,,,
dataflow,ESTAT:ISOC_SK_DSKL_I$DEFAULTVIEW(1.0),Individuals' level of digital skills (2015-2019),A,Annual,I_DSK_L,Individuals who have low overall digital skills,IND_TOTAL,All individuals,PC_IND,Percentage of individuals,EU28,European Union - 28 countries (2013-2020),2019,,27.82,,,,,
dataflow,ESTAT:ISOC_SK_DSKL_I$DEFAULTVIEW(1.0),Individuals' level of digital skills (2015-2019),A,Annual,I_DSK_L,Individuals who have low overall digital skills,IND_TOTAL,All individuals,PC_IND,Percentage of individuals,FI,Finland,2015,,17.87,,,,,
dataflow,ESTAT:ISOC_SK_DSKL_I$DEFAULTVIEW(1.0),Individuals' level of digital skills (2015-2019),A,Annual,I_DSK_L,Individuals who have low overall digital skills,IND_TOTAL,All individuals,PC_IND,Percentage of individuals,FI,Finland,2016,,20.17,,,,,
dataflow,ESTAT:ISOC_SK_DSKL_I$DEFAULTVIEW(1.0),Individuals' level of digital skills (2015-2019),A,Annual,I_DSK_L,Individuals who have low overall digital skills,IND_TOTAL,All individuals,PC_IND,Percentage of individuals,FI,Finland,2017,,17.78,,,,,
dataflow,ESTAT:ISOC_SK_DSKL_I$DEFAULTVIEW(1.0),Individuals' level of digital skills (2015-2019),A,Annual,I_DSK_L,Individuals who have low overall digital skills,IND_TOTAL,All individuals,PC_IND,Percentage of individuals,FI,Finland,2019,,18.58,,,,,
dataflow,ESTAT:ISOC_SK_DSKL_I$DEFAULTVIEW(1.0),Individuals' level of digital skills (2015-2019),A,Annual,I_DSK_L,Individuals who have low overall digital skills,IND_TOTAL,All individuals,PC_IND,Percentage of individuals,FR,France,2015,,27.64,,,,,
dataflow,ESTAT:ISOC_SK_DSKL_I$DEFAULTVIEW(1.0),Individuals' level of digital skills (2015-2019),A,Annual,I_DSK_L,Individuals who have low overall digital skills,IND_TOTAL,All individuals,PC_IND,Percentage of individuals,FR,France,2016,,29.25,,,,,
dataflow,ESTAT:ISOC_SK_DSKL_I$DEFAULTVIEW(1.0),Individuals' level of digital skills (2015-2019),A,Annual,I_DSK_L,Individuals who have low overall digital skills,IND_TOTAL,All individuals,PC_IND,Percentage of individuals,FR,France,2017,,28.89,,,,,
dataflow,ESTAT:ISOC_SK_DSKL_I$DEFAULTVIEW(1.0),Individuals' level of digital skills (2015-2019),A,Annual,I_DSK_L,Individuals who have low overall digital skills,IND_TOTAL,All individuals,PC_IND,Percentage of individuals,FR,France,2019,,31.58,,,,,
dataflow,ESTAT:ISOC_SK_DSKL_I$DEFAULTVIEW(1.0),Individuals' level of digital skills (2015-2019),A,Annual,I_DSK_L,Individuals who have low overall digital skills,IND_TOTAL,All individuals,PC_IND,Percentage of individuals,HR,Croatia,2015,,18.07,,,,,
dataflow,ESTAT:ISOC_SK_DSKL_I$DEFAULTVIEW(1.0),Individuals' level of digital skills (2015-2019),A,Annual,I_DSK_L,Individuals who have low overall digital skills,IND_TOTAL,All individuals,PC_IND,Percentage of individuals,HR,Croatia,2016,,17.45,,,,,
dataflow,ESTAT:ISOC_SK_DSKL_I$DEFAULTVIEW(1.0),Individuals' level of digital skills (2015-2019),A,Annual,I_DSK_L,Individuals who have low overall digital skills,IND_TOTAL,All individuals,PC_IND,Percentage of individuals,HR,Croatia,2017,,25.47,,,,,
dataflow,ESTAT:ISOC_SK_DSKL_I$DEFAULTVIEW(1.0),Individuals' level of digital skills (2015-2019),A,Annual,I_DSK_L,Individuals who have low overall digital skills,IND_TOTAL,All individuals,PC_IND,Percentage of individuals,HR,Croatia,2019,,25.59,,,,,
dataflow,ESTAT:ISOC_SK_DSKL_I$DEFAULTVIEW(1.0),Individuals' level of digital skills (2015-2019),A,Annual,I_DSK_L,Individuals who have low overall digital skills,IND_TOTAL,All individuals,PC_IND,Percentage of individuals,HU,Hungary,2015,,23.24,,,,,
dataflow,ESTAT:ISOC_SK_DSKL_I$DEFAULTVIEW(1.0),Individuals' level of digital skills (2015-2019),A,Annual,I_DSK_L,Individuals who have low overall digital skills,IND_TOTAL,All individuals,PC_IND,Percentage of individuals,HU,Hungary,2016,,27.79,,,,,
dataflow,ESTAT:ISOC_SK_DSKL_I$DEFAULTVIEW(1.0),Individuals' level of digital skills (2015-2019),A,Annual,I_DSK_L,Individuals who have low overall digital skills,IND_TOTAL,All individuals,PC_IND,Percentage of individuals,HU,Hungary,2017,,27.02,,,,,
dataflow,ESTAT:ISOC_SK_DSKL_I$DEFAULTVIEW(1.0),Individuals' level of digital skills (2015-2019),A,Annual,I_DSK_L,Individuals who have low overall digital skills,IND_TOTAL,All individuals,PC_IND,Percentage of individuals,HU,Hungary,2019,,31.33,,,,,
dataflow,ESTAT:ISOC_SK_DSKL_I$DEFAULTVIEW(1.0),Individuals' level of digital skills (2015-2019),A,Annual,I_DSK_L,Individuals who have low overall digital skills,IND_TOTAL,All individuals,PC_IND,Percentage of individuals,IE,Ireland,2015,,34.86,,,,,
dataflow,ESTAT:ISOC_SK_DSKL_I$DEFAULTVIEW(1.0),Individuals' level of digital skills (2015-2019),A,Annual,I_DSK_L,Individuals who have low overall digital skills,IND_TOTAL,All individuals,PC_IND,Percentage of individuals,IE,Ireland,2016,,37.23,,,,,
dataflow,ESTAT:ISOC_SK_DSKL_I$DEFAULTVIEW(1.0),Individuals' level of digital skills (2015-2019),A,Annual,I_DSK_L,Individuals who have low overall digital skills,IND_TOTAL,All individuals,PC_IND,Percentage of individuals,IE,Ireland,2017,,32.95,,,,,
dataflow,ESTAT:ISOC_SK_DSKL_I$DEFAULTVIEW(1.0),Individuals' level of digital skills (2015-2019),A,Annual,I_DSK_L,Individuals who have low overall digital skills,IND_TOTAL,All individuals,PC_IND,Percentage of individuals,IE,Ireland,2019,,35.77,,,,,
dataflow,ESTAT:ISOC_SK_DSKL_I$DEFAULTVIEW(1.0),Individuals' level of digital skills (2015-2019),A,Annual,I_DSK_L,Individuals who have low overall digital skills,IND_TOTAL,All individuals,PC_IND,Percentage of individuals,IS,Iceland,2017,,12.73,,,,,
dataflow,ESTAT:ISOC_SK_DSKL_I$DEFAULTVIEW(1.0),Individuals' level of digital skills (2015-2019),A,Annual,I_DSK_L,Individuals who have low overall digital skills,IND_TOTAL,All individuals,PC_IND,Percentage of individuals,IS,Iceland,2019,,13.32,,,,,
dataflow,ESTAT:ISOC_SK_DSKL_I$DEFAULTVIEW(1.0),Individuals' level of digital skills (2015-2019),A,Annual,I_DSK_L,Individuals who have low overall digital skills,IND_TOTAL,All individuals,PC_IND,Percentage of individuals,IT,Italy,2015,,20.62,,,,,
dataflow,ESTAT:ISOC_SK_DSKL_I$DEFAULTVIEW(1.0),Individuals' level of digital skills (2015-2019),A,Annual,I_DSK_L,Individuals who have low overall digital skills,IND_TOTAL,All individuals,PC_IND,Percentage of individuals,IT,Italy,2016,,22.93,,,,,
dataflow,ESTAT:ISOC_SK_DSKL_I$DEFAULTVIEW(1.0),Individuals' level of digital skills (2015-2019),A,Annual,I_DSK_L,Individuals who have low overall digital skills,IND_TOTAL,All individuals,PC_IND,Percentage of individuals,IT,Italy,2017,,,,u,low reliability,,
dataflow,ESTAT:ISOC_SK_DSKL_I$DEFAULTVIEW(1.0),Individuals' level of digital skills (2015-2019),A,Annual,I_DSK_L,Individuals who have low overall digital skills,IND_TOTAL,All individuals,PC_IND,Percentage of individuals,IT,Italy,2019,,31.52,,b,break in time series,,
dataflow,ESTAT:ISOC_SK_DSKL_I$DEFAULTVIEW(1.0),Individuals' level of digital skills (2015-2019),A,Annual,I_DSK_L,Individuals who have low overall digital skills,IND_TOTAL,All individuals,PC_IND,Percentage of individuals,LT,Lithuania,2015,,19.50,,,,,
dataflow,ESTAT:ISOC_SK_DSKL_I$DEFAULTVIEW(1.0),Individuals' level of digital skills (2015-2019),A,Annual,I_DSK_L,Individuals who have low overall digital skills,IND_TOTAL,All individuals,PC_IND,Percentage of individuals,LT,Lithuania,2016,,22.04,,,,,
dataflow,ESTAT:ISOC_SK_DSKL_I$DEFAULTVIEW(1.0),Individuals' level of digital skills (2015-2019),A,Annual,I_DSK_L,Individuals who have low overall digital skills,IND_TOTAL,All individuals,PC_IND,Percentage of individuals,LT,Lithuania,2017,,21.99,,,,,
dataflow,ESTAT:ISOC_SK_DSKL_I$DEFAULTVIEW(1.0),Individuals' level of digital skills (2015-2019),A,Annual,I_DSK_L,Individuals who have low overall digital skills,IND_TOTAL,All individuals,PC_IND,Percentage of individuals,LT,Lithuania,2019,,24.79,,,,,
dataflow,ESTAT:ISOC_SK_DSKL_I$DEFAULTVIEW(1.0),Individuals' level of digital skills (2015-2019),A,Annual,I_DSK_L,Individuals who have low overall digital skills,IND_TOTAL,All individuals,PC_IND,Percentage of individuals,LU,Luxembourg,2015,,10.85,,,,,
dataflow,ESTAT:ISOC_SK_DSKL_I$DEFAULTVIEW(1.0),Individuals' level of digital skills (2015-2019),A,Annual,I_DSK_L,Individuals who have low overall digital skills,IND_TOTAL,All individuals,PC_IND,Percentage of individuals,LU,Luxembourg,2016,,10.86,,,,,
dataflow,ESTAT:ISOC_SK_DSKL_I$DEFAULTVIEW(1.0),Individuals' level of digital skills (2015-2019),A,Annual,I_DSK_L,Individuals who have low overall digital skills,IND_TOTAL,All individuals,PC_IND,Percentage of individuals,LU,Luxembourg,2017,,11.72,,,,,
dataflow,ESTAT:ISOC_SK_DSKL_I$DEFAULTVIEW(1.0),Individuals' level of digital skills (2015-2019),A,Annual,I_DSK_L,Individuals who have low overall digital skills,IND_TOTAL,All individuals,PC_IND,Percentage of individuals,LU,Luxembourg,2019,,30.29,,b,break in time series,,
dataflow,ESTAT:ISOC_SK_DSKL_I$DEFAULTVIEW(1.0),Individuals' level of digital skills (2015-2019),A,Annual,I_DSK_L,Individuals who have low overall digital skills,IND_TOTAL,All individuals,PC_IND,Percentage of individuals,LV,Latvia,2015,,29.48,,,,,
dataflow,ESTAT:ISOC_SK_DSKL_I$DEFAULTVIEW(1.0),Individuals' level of digital skills (2015-2019),A,Annual,I_DSK_L,Individuals who have low overall digital skills,IND_TOTAL,All individuals,PC_IND,Percentage of individuals,LV,Latvia,2016,,29.16,,b,break in time series,,
dataflow,ESTAT:ISOC_SK_DSKL_I$DEFAULTVIEW(1.0),Individuals' level of digital skills (2015-2019),A,Annual,I_DSK_L,Individuals who have low overall digital skills,IND_TOTAL,All individuals,PC_IND,Percentage of individuals,LV,Latvia,2017,,32.88,,,,,
dataflow,ESTAT:ISOC_SK_DSKL_I$DEFAULTVIEW(1.0),Individuals' level of digital skills (2015-2019),A,Annual,I_DSK_L,Individuals who have low overall digital skills,IND_TOTAL,All individuals,PC_IND,Percentage of individuals,LV,Latvia,2019,,42.28,,b,break in time series,,
dataflow,ESTAT:ISOC_SK_DSKL_I$DEFAULTVIEW(1.0),Individuals' level of digital skills (2015-2019),A,Annual,I_DSK_L,Individuals who have low overall digital skills,IND_TOTAL,All individuals,PC_IND,Percentage of individuals,ME,Montenegro,2017,,21.68,,,,,
dataflow,ESTAT:ISOC_SK_DSKL_I$DEFAULTVIEW(1.0),Individuals' level of digital skills (2015-2019),A,Annual,I_DSK_L,Individuals who have low overall digital skills,IND_TOTAL,All individuals,PC_IND,Percentage of individuals,ME,Montenegro,2019,,,,u,low reliability,,
dataflow,ESTAT:ISOC_SK_DSKL_I$DEFAULTVIEW(1.0),Individuals' level of digital skills (2015-2019),A,Annual,I_DSK_L,Individuals who have low overall digital skills,IND_TOTAL,All individuals,PC_IND,Percentage of individuals,MK,North Macedonia,2015,,33.11,,,,,
dataflow,ESTAT:ISOC_SK_DSKL_I$DEFAULTVIEW(1.0),Individuals' level of digital skills (2015-2019),A,Annual,I_DSK_L,Individuals who have low overall digital skills,IND_TOTAL,All individuals,PC_IND,Percentage of individuals,MK,North Macedonia,2016,,37.95,,,,,
dataflow,ESTAT:ISOC_SK_DSKL_I$DEFAULTVIEW(1.0),Individuals' level of digital skills (2015-2019),A,Annual,I_DSK_L,Individuals who have low overall digital skills,IND_TOTAL,All individuals,PC_IND,Percentage of individuals,MK,North Macedonia,2017,,41.92,,,,,
dataflow,ESTAT:ISOC_SK_DSKL_I$DEFAULTVIEW(1.0),Individuals' level of digital skills (2015-2019),A,Annual,I_DSK_L,Individuals who have low overall digital skills,IND_TOTAL,All individuals,PC_IND,Percentage of individuals,MK,North Macedonia,2019,,49.66,,,,,
dataflow,ESTAT:ISOC_SK_DSKL_I$DEFAULTVIEW(1.0),Individuals' level of digital skills (2015-2019),A,Annual,I_DSK_L,Individuals who have low overall digital skills,IND_TOTAL,All individuals,PC_IND,Percentage of individuals,MT,Malta,2015,,23.27,,,,,
dataflow,ESTAT:ISOC_SK_DSKL_I$DEFAULTVIEW(1.0),Individuals' level of digital skills (2015-2019),A,Annual,I_DSK_L,Individuals who have low overall digital skills,IND_TOTAL,All individuals,PC_IND,Percentage of individuals,MT,Malta,2016,,27.11,,,,,
dataflow,ESTAT:ISOC_SK_DSKL_I$DEFAULTVIEW(1.0),Individuals' level of digital skills (2015-2019),A,Annual,I_DSK_L,Individuals who have low overall digital skills,IND_TOTAL,All individuals,PC_IND,Percentage of individuals,MT,Malta,2017,,23.02,,,,,
dataflow,ESTAT:ISOC_SK_DSKL_I$DEFAULTVIEW(1.0),Individuals' level of digital skills (2015-2019),A,Annual,I_DSK_L,Individuals who have low overall digital skills,IND_TOTAL,All individuals,PC_IND,Percentage of individuals,MT,Malta,2019,,29.41,,,,,
dataflow,ESTAT:ISOC_SK_DSKL_I$DEFAULTVIEW(1.0),Individuals' level of digital skills (2015-2019),A,Annual,I_DSK_L,Individuals who have low overall digital skills,IND_TOTAL,All individuals,PC_IND,Percentage of individuals,NL,Netherlands,2015,,20.24,,,,,
dataflow,ESTAT:ISOC_SK_DSKL_I$DEFAULTVIEW(1.0),Individuals' level of digital skills (2015-2019),A,Annual,I_DSK_L,Individuals who have low overall digital skills,IND_TOTAL,All individuals,PC_IND,Percentage of individuals,NL,Netherlands,2016,,16.55,,,,,
dataflow,ESTAT:ISOC_SK_DSKL_I$DEFAULTVIEW(1.0),Individuals' level of digital skills (2015-2019),A,Annual,I_DSK_L,Individuals who have low overall digital skills,IND_TOTAL,All individuals,PC_IND,Percentage of individuals,NL,Netherlands,2017,,15.66,,,,,
dataflow,ESTAT:ISOC_SK_DSKL_I$DEFAULTVIEW(1.0),Individuals' level of digital skills (2015-2019),A,Annual,I_DSK_L,Individuals who have low overall digital skills,IND_TOTAL,All individuals,PC_IND,Percentage of individuals,NL,Netherlands,2019,,16.43,,,,,
dataflow,ESTAT:ISOC_SK_DSKL_I$DEFAULTVIEW(1.0),Individuals' level of digital skills (2015-2019),A,Annual,I_DSK_L,Individuals who have low overall digital skills,IND_TOTAL,All individuals,PC_IND,Percentage of individuals,NO,Norway,2015,,16.68,,,,,
dataflow,ESTAT:ISOC_SK_DSKL_I$DEFAULTVIEW(1.0),Individuals' level of digital skills (2015-2019),A,Annual,I_DSK_L,Individuals who have low overall digital skills,IND_TOTAL,All individuals,PC_IND,Percentage of individuals,NO,Norway,2016,,22.29,,,,,
dataflow,ESTAT:ISOC_SK_DSKL_I$DEFAULTVIEW(1.0),Individuals' level of digital skills (2015-2019),A,Annual,I_DSK_L,Individuals who have low overall digital skills,IND_TOTAL,All individuals,PC_IND,Percentage of individuals,NO,Norway,2017,,20.53,,,,,
dataflow,ESTAT:ISOC_SK_DSKL_I$DEFAULTVIEW(1.0),Individuals' level of digital skills (2015-2019),A,Annual,I_DSK_L,Individuals who have low overall digital skills,IND_TOTAL,All individuals,PC_IND,Percentage of individuals,NO,Norway,2019,,15.51,,,,,
dataflow,ESTAT:ISOC_SK_DSKL_I$DEFAULTVIEW(1.0),Individuals' level of digital skills (2015-2019),A,Annual,I_DSK_L,Individuals who have low overall digital skills,IND_TOTAL,All individuals,PC_IND,Percentage of individuals,PL,Poland,2015,,26.81,,,,,
dataflow,ESTAT:ISOC_SK_DSKL_I$DEFAULTVIEW(1.0),Individuals' level of digital skills (2015-2019),A,Annual,I_DSK_L,Individuals who have low overall digital skills,IND_TOTAL,All individuals,PC_IND,Percentage of individuals,PL,Poland,2016,,27.88,,,,,
dataflow,ESTAT:ISOC_SK_DSKL_I$DEFAULTVIEW(1.0),Individuals' level of digital skills (2015-2019),A,Annual,I_DSK_L,Individuals who have low overall digital skills,IND_TOTAL,All individuals,PC_IND,Percentage of individuals,PL,Poland,2017,,28.46,,,,,
dataflow,ESTAT:ISOC_SK_DSKL_I$DEFAULTVIEW(1.0),Individuals' level of digital skills (2015-2019),A,Annual,I_DSK_L,Individuals who have low overall digital skills,IND_TOTAL,All individuals,PC_IND,Percentage of individuals,PL,Poland,2019,,34.94,,,,,
dataflow,ESTAT:ISOC_SK_DSKL_I$DEFAULTVIEW(1.0),Individuals' level of digital skills (2015-2019),A,Annual,I_DSK_L,Individuals who have low overall digital skills,IND_TOTAL,All individuals,PC_IND,Percentage of individuals,PT,Portugal,2015,,19.94,,,,,
dataflow,ESTAT:ISOC_SK_DSKL_I$DEFAULTVIEW(1.0),Individuals' level of digital skills (2015-2019),A,Annual,I_DSK_L,Individuals who have low overall digital skills,IND_TOTAL,All individuals,PC_IND,Percentage of individuals,PT,Portugal,2016,,21.91,,,,,
dataflow,ESTAT:ISOC_SK_DSKL_I$DEFAULTVIEW(1.0),Individuals' level of digital skills (2015-2019),A,Annual,I_DSK_L,Individuals who have low overall digital skills,IND_TOTAL,All individuals,PC_IND,Percentage of individuals,PT,Portugal,2017,,22.53,,,,,
dataflow,ESTAT:ISOC_SK_DSKL_I$DEFAULTVIEW(1.0),Individuals' level of digital skills (2015-2019),A,Annual,I_DSK_L,Individuals who have low overall digital skills,IND_TOTAL,All individuals,PC_IND,Percentage of individuals,PT,Portugal,2019,,22.44,,,,,
dataflow,ESTAT:ISOC_SK_DSKL_I$DEFAULTVIEW(1.0),Individuals' level of digital skills (2015-2019),A,Annual,I_DSK_L,Individuals who have low overall digital skills,IND_TOTAL,All individuals,PC_IND,Percentage of individuals,RO,Romania,2015,,29.49,,,,,
dataflow,ESTAT:ISOC_SK_DSKL_I$DEFAULTVIEW(1.0),Individuals' level of digital skills (2015-2019),A,Annual,I_DSK_L,Individuals who have low overall digital skills,IND_TOTAL,All individuals,PC_IND,Percentage of individuals,RO,Romania,2016,,31.85,,,,,
dataflow,ESTAT:ISOC_SK_DSKL_I$DEFAULTVIEW(1.0),Individuals' level of digital skills (2015-2019),A,Annual,I_DSK_L,Individuals who have low overall digital skills,IND_TOTAL,All individuals,PC_IND,Percentage of individuals,RO,Romania,2017,,34.69,,,,,
dataflow,ESTAT:ISOC_SK_DSKL_I$DEFAULTVIEW(1.0),Individuals' level of digital skills (2015-2019),A,Annual,I_DSK_L,Individuals who have low overall digital skills,IND_TOTAL,All individuals,PC_IND,Percentage of individuals,RO,Romania,2019,,42.68,,,,,
dataflow,ESTAT:ISOC_SK_DSKL_I$DEFAULTVIEW(1.0),Individuals' level of digital skills (2015-2019),A,Annual,I_DSK_L,Individuals who have low overall digital skills,IND_TOTAL,All individuals,PC_IND,Percentage of individuals,RS,Serbia,2015,,33.07,,,,,
dataflow,ESTAT:ISOC_SK_DSKL_I$DEFAULTVIEW(1.0),Individuals' level of digital skills (2015-2019),A,Annual,I_DSK_L,Individuals who have low overall digital skills,IND_TOTAL,All individuals,PC_IND,Percentage of individuals,RS,Serbia,2017,,31.19,,,,,
dataflow,ESTAT:ISOC_SK_DSKL_I$DEFAULTVIEW(1.0),Individuals' level of digital skills (2015-2019),A,Annual,I_DSK_L,Individuals who have low overall digital skills,IND_TOTAL,All individuals,PC_IND,Percentage of individuals,RS,Serbia,2019,,31.17,,,,,
dataflow,ESTAT:ISOC_SK_DSKL_I$DEFAULTVIEW(1.0),Individuals' level of digital skills (2015-2019),A,Annual,I_DSK_L,Individuals who have low overall digital skills,IND_TOTAL,All individuals,PC_IND,Percentage of individuals,SE,Sweden,2015,,17.36,,,,,
dataflow,ESTAT:ISOC_SK_DSKL_I$DEFAULTVIEW(1.0),Individuals' level of digital skills (2015-2019),A,Annual,I_DSK_L,Individuals who have low overall digital skills,IND_TOTAL,All individuals,PC_IND,Percentage of individuals,SE,Sweden,2016,,24.05,,b,break in time series,,
dataflow,ESTAT:ISOC_SK_DSKL_I$DEFAULTVIEW(1.0),Individuals' level of digital skills (2015-2019),A,Annual,I_DSK_L,Individuals who have low overall digital skills,IND_TOTAL,All individuals,PC_IND,Percentage of individuals,SE,Sweden,2017,,18.19,,,,,
dataflow,ESTAT:ISOC_SK_DSKL_I$DEFAULTVIEW(1.0),Individuals' level of digital skills (2015-2019),A,Annual,I_DSK_L,Individuals who have low overall digital skills,IND_TOTAL,All individuals,PC_IND,Percentage of individuals,SE,Sweden,2019,,23.65,,u,low reliability,,
dataflow,ESTAT:ISOC_SK_DSKL_I$DEFAULTVIEW(1.0),Individuals' level of digital skills (2015-2019),A,Annual,I_DSK_L,Individuals who have low overall digital skills,IND_TOTAL,All individuals,PC_IND,Percentage of individuals,SI,Slovenia,2015,,21.38,,,,,
dataflow,ESTAT:ISOC_SK_DSKL_I$DEFAULTVIEW(1.0),Individuals' level of digital skills (2015-2019),A,Annual,I_DSK_L,Individuals who have low overall digital skills,IND_TOTAL,All individuals,PC_IND,Percentage of individuals,SI,Slovenia,2016,,21.27,,,,,
dataflow,ESTAT:ISOC_SK_DSKL_I$DEFAULTVIEW(1.0),Individuals' level of digital skills (2015-2019),A,Annual,I_DSK_L,Individuals who have low overall digital skills,IND_TOTAL,All individuals,PC_IND,Percentage of individuals,SI,Slovenia,2017,,24.36,,,,,
dataflow,ESTAT:ISOC_SK_DSKL_I$DEFAULTVIEW(1.0),Individuals' level of digital skills (2015-2019),A,Annual,I_DSK_L,Individuals who have low overall digital skills,IND_TOTAL,All individuals,PC_IND,Percentage of individuals,SI,Slovenia,2019,,27.54,,,,,
dataflow,ESTAT:ISOC_SK_DSKL_I$DEFAULTVIEW(1.0),Individuals' level of digital skills (2015-2019),A,Annual,I_DSK_L,Individuals who have low overall digital skills,IND_TOTAL,All individuals,PC_IND,Percentage of individuals,SK,Slovakia,2015,,24.25,,,,,
dataflow,ESTAT:ISOC_SK_DSKL_I$DEFAULTVIEW(1.0),Individuals' level of digital skills (2015-2019),A,Annual,I_DSK_L,Individuals who have low overall digital skills,IND_TOTAL,All individuals,PC_IND,Percentage of individuals,SK,Slovakia,2016,,25.00,,,,,
dataflow,ESTAT:ISOC_SK_DSKL_I$DEFAULTVIEW(1.0),Individuals' level of digital skills (2015-2019),A,Annual,I_DSK_L,Individuals who have low overall digital skills,IND_TOTAL,All individuals,PC_IND,Percentage of individuals,SK,Slovakia,2017,,22.35,,,,,
dataflow,ESTAT:ISOC_SK_DSKL_I$DEFAULTVIEW(1.0),Individuals' level of digital skills (2015-2019),A,Annual,I_DSK_L,Individuals who have low overall digital skills,IND_TOTAL,All individuals,PC_IND,Percentage of individuals,SK,Slovakia,2019,,28.66,,,,,
dataflow,ESTAT:ISOC_SK_DSKL_I$DEFAULTVIEW(1.0),Individuals' level of digital skills (2015-2019),A,Annual,I_DSK_L,Individuals who have low overall digital skills,IND_TOTAL,All individuals,PC_IND,Percentage of individuals,TR,Türkiye,2015,,27.14,,,,,
dataflow,ESTAT:ISOC_SK_DSKL_I$DEFAULTVIEW(1.0),Individuals' level of digital skills (2015-2019),A,Annual,I_DSK_L,Individuals who have low overall digital skills,IND_TOTAL,All individuals,PC_IND,Percentage of individuals,TR,Türkiye,2016,,28.75,,,,,
dataflow,ESTAT:ISOC_SK_DSKL_I$DEFAULTVIEW(1.0),Individuals' level of digital skills (2015-2019),A,Annual,I_DSK_L,Individuals who have low overall digital skills,IND_TOTAL,All individuals,PC_IND,Percentage of individuals,TR,Türkiye,2017,,30.23,,,,,
dataflow,ESTAT:ISOC_SK_DSKL_I$DEFAULTVIEW(1.0),Individuals' level of digital skills (2015-2019),A,Annual,I_DSK_L,Individuals who have low overall digital skills,IND_TOTAL,All individuals,PC_IND,Percentage of individuals,TR,Türkiye,2019,,36.94,,,,,
dataflow,ESTAT:ISOC_SK_DSKL_I$DEFAULTVIEW(1.0),Individuals' level of digital skills (2015-2019),A,Annual,I_DSK_L,Individuals who have low overall digital skills,IND_TOTAL,All individuals,PC_IND,Percentage of individuals,UK,United Kingdom,2015,,24.20,,,,,
dataflow,ESTAT:ISOC_SK_DSKL_I$DEFAULTVIEW(1.0),Individuals' level of digital skills (2015-2019),A,Annual,I_DSK_L,Individuals who have low overall digital skills,IND_TOTAL,All individuals,PC_IND,Percentage of individuals,UK,United Kingdom,2016,,25.25,,,,,
dataflow,ESTAT:ISOC_SK_DSKL_I$DEFAULTVIEW(1.0),Individuals' level of digital skills (2015-2019),A,Annual,I_DSK_L,Individuals who have low overall digital skills,IND_TOTAL,All individuals,PC_IND,Percentage of individuals,UK,United Kingdom,2017,,23.47,,,,,
dataflow,ESTAT:ISOC_SK_DSKL_I$DEFAULTVIEW(1.0),Individuals' level of digital skills (2015-2019),A,Annual,I_DSK_L,Individuals who have low overall digital skills,IND_TOTAL,All individuals,PC_IND,Percentage of individuals,UK,United Kingdom,2019,,20.50,,,,,
dataflow,ESTAT:ISOC_SK_DSKL_I$DEFAULTVIEW(1.0),Individuals' level of digital skills (2015-2019),A,Annual,I_DSK_L,Individuals who have low overall digital skills,IND_TOTAL,All individuals,PC_IND,Percentage of individuals,XK,Kosovo*,2017,,61.54,,,,,
dataflow,ESTAT:ISOC_SK_DSKL_I$DEFAULTVIEW(1.0),Individuals' level of digital skills (2015-2019),A,Annual,I_DSK_L,Individuals who have low overall digital skills,IND_TOTAL,All individuals,PC_IND,Percentage of individuals,XK,Kosovo*,2019,,58.90,,,,,
dataflow,ESTAT:ISOC_SK_DSKL_I$DEFAULTVIEW(1.0),Individuals' level of digital skills (2015-2019),A,Annual,I_DSK_X,Individuals who have no overall digital skills,IND_TOTAL,All individuals,PC_IND,Percentage of individuals,AL,Albania,2019,,0.37,,,,,
dataflow,ESTAT:ISOC_SK_DSKL_I$DEFAULTVIEW(1.0),Individuals' level of digital skills (2015-2019),A,Annual,I_DSK_X,Individuals who have no overall digital skills,IND_TOTAL,All individuals,PC_IND,Percentage of individuals,AT,Austria,2015,,0.97,,,,,
dataflow,ESTAT:ISOC_SK_DSKL_I$DEFAULTVIEW(1.0),Individuals' level of digital skills (2015-2019),A,Annual,I_DSK_X,Individuals who have no overall digital skills,IND_TOTAL,All individuals,PC_IND,Percentage of individuals,AT,Austria,2016,,0.47,,,,,
dataflow,ESTAT:ISOC_SK_DSKL_I$DEFAULTVIEW(1.0),Individuals' level of digital skills (2015-2019),A,Annual,I_DSK_X,Individuals who have no overall digital skills,IND_TOTAL,All individuals,PC_IND,Percentage of individuals,AT,Austria,2017,,1.29,,,,,
dataflow,ESTAT:ISOC_SK_DSKL_I$DEFAULTVIEW(1.0),Individuals' level of digital skills (2015-2019),A,Annual,I_DSK_X,Individuals who have no overall digital skills,IND_TOTAL,All individuals,PC_IND,Percentage of individuals,AT,Austria,2019,,1.28,,,,,
dataflow,ESTAT:ISOC_SK_DSKL_I$DEFAULTVIEW(1.0),Individuals' level of digital skills (2015-2019),A,Annual,I_DSK_X,Individuals who have no overall digital skills,IND_TOTAL,All individuals,PC_IND,Percentage of individuals,BA,Bosnia and Herzegovina,2019,,0.26,,,,,
dataflow,ESTAT:ISOC_SK_DSKL_I$DEFAULTVIEW(1.0),Individuals' level of digital skills (2015-2019),A,Annual,I_DSK_X,Individuals who have no overall digital skills,IND_TOTAL,All individuals,PC_IND,Percentage of individuals,BE,Belgium,2015,,0.37,,,,,
dataflow,ESTAT:ISOC_SK_DSKL_I$DEFAULTVIEW(1.0),Individuals' level of digital skills (2015-2019),A,Annual,I_DSK_X,Individuals who have no overall digital skills,IND_TOTAL,All individuals,PC_IND,Percentage of individuals,BE,Belgium,2016,,0.25,,,,,
dataflow,ESTAT:ISOC_SK_DSKL_I$DEFAULTVIEW(1.0),Individuals' level of digital skills (2015-2019),A,Annual,I_DSK_X,Individuals who have no overall digital skills,IND_TOTAL,All individuals,PC_IND,Percentage of individuals,BE,Belgium,2017,,0.20,,,,,
dataflow,ESTAT:ISOC_SK_DSKL_I$DEFAULTVIEW(1.0),Individuals' level of digital skills (2015-2019),A,Annual,I_DSK_X,Individuals who have no overall digital skills,IND_TOTAL,All individuals,PC_IND,Percentage of individuals,BE,Belgium,2019,,0.21,,,,,
dataflow,ESTAT:ISOC_SK_DSKL_I$DEFAULTVIEW(1.0),Individuals' level of digital skills (2015-2019),A,Annual,I_DSK_X,Individuals who have no overall digital skills,IND_TOTAL,All individuals,PC_IND,Percentage of individuals,BG,Bulgaria,2015,,0.36,,,,,
dataflow,ESTAT:ISOC_SK_DSKL_I$DEFAULTVIEW(1.0),Individuals' level of digital skills (2015-2019),A,Annual,I_DSK_X,Individuals who have no overall digital skills,IND_TOTAL,All individuals,PC_IND,Percentage of individuals,BG,Bulgaria,2016,,0.56,,,,,
dataflow,ESTAT:ISOC_SK_DSKL_I$DEFAULTVIEW(1.0),Individuals' level of digital skills (2015-2019),A,Annual,I_DSK_X,Individuals who have no overall digital skills,IND_TOTAL,All individuals,PC_IND,Percentage of individuals,BG,Bulgaria,2017,,0.41,,,,,
dataflow,ESTAT:ISOC_SK_DSKL_I$DEFAULTVIEW(1.0),Individuals' level of digital skills (2015-2019),A,Annual,I_DSK_X,Individuals who have no overall digital skills,IND_TOTAL,All individuals,PC_IND,Percentage of individuals,BG,Bulgaria,2019,,0.42,,,,,
dataflow,ESTAT:ISOC_SK_DSKL_I$DEFAULTVIEW(1.0),Individuals' level of digital skills (2015-2019),A,Annual,I_DSK_X,Individuals who have no overall digital skills,IND_TOTAL,All individuals,PC_IND,Percentage of individuals,CH,Switzerland,2017,,0.79,,b,break in time series,,
dataflow,ESTAT:ISOC_SK_DSKL_I$DEFAULTVIEW(1.0),Individuals' level of digital skills (2015-2019),A,Annual,I_DSK_X,Individuals who have no overall digital skills,IND_TOTAL,All individuals,PC_IND,Percentage of individuals,CH,Switzerland,2019,,0.70,,b,break in time series,,
dataflow,ESTAT:ISOC_SK_DSKL_I$DEFAULTVIEW(1.0),Individuals' level of digital skills (2015-2019),A,Annual,I_DSK_X,Individuals who have no overall digital skills,IND_TOTAL,All individuals,PC_IND,Percentage of individuals,CY,Cyprus,2015,,0.72,,,,,
dataflow,ESTAT:ISOC_SK_DSKL_I$DEFAULTVIEW(1.0),Individuals' level of digital skills (2015-2019),A,Annual,I_DSK_X,Individuals who have no overall digital skills,IND_TOTAL,All individuals,PC_IND,Percentage of individuals,CY,Cyprus,2016,,0.91,,,,,
dataflow,ESTAT:ISOC_SK_DSKL_I$DEFAULTVIEW(1.0),Individuals' level of digital skills (2015-2019),A,Annual,I_DSK_X,Individuals who have no overall digital skills,IND_TOTAL,All individuals,PC_IND,Percentage of individuals,CY,Cyprus,2017,,0.98,,,,,
dataflow,ESTAT:ISOC_SK_DSKL_I$DEFAULTVIEW(1.0),Individuals' level of digital skills (2015-2019),A,Annual,I_DSK_X,Individuals who have no overall digital skills,IND_TOTAL,All individuals,PC_IND,Percentage of individuals,CY,Cyprus,2019,,0.53,,,,,
dataflow,ESTAT:ISOC_SK_DSKL_I$DEFAULTVIEW(1.0),Individuals' level of digital skills (2015-2019),A,Annual,I_DSK_X,Individuals who have no overall digital skills,IND_TOTAL,All individuals,PC_IND,Percentage of individuals,CZ,Czechia,2015,,1.23,,,,,
dataflow,ESTAT:ISOC_SK_DSKL_I$DEFAULTVIEW(1.0),Individuals' level of digital skills (2015-2019),A,Annual,I_DSK_X,Individuals who have no overall digital skills,IND_TOTAL,All individuals,PC_IND,Percentage of individuals,CZ,Czechia,2016,,0.72,,,,,
dataflow,ESTAT:ISOC_SK_DSKL_I$DEFAULTVIEW(1.0),Individuals' level of digital skills (2015-2019),A,Annual,I_DSK_X,Individuals who have no overall digital skills,IND_TOTAL,All individuals,PC_IND,Percentage of individuals,CZ,Czechia,2017,,0.85,,,,,
dataflow,ESTAT:ISOC_SK_DSKL_I$DEFAULTVIEW(1.0),Individuals' level of digital skills (2015-2019),A,Annual,I_DSK_X,Individuals who have no overall digital skills,IND_TOTAL,All individuals,PC_IND,Percentage of individuals,CZ,Czechia,2019,,0.58,,b,break in time series,,
dataflow,ESTAT:ISOC_SK_DSKL_I$DEFAULTVIEW(1.0),Individuals' level of digital skills (2015-2019),A,Annual,I_DSK_X,Individuals who have no overall digital skills,IND_TOTAL,All individuals,PC_IND,Percentage of individuals,DE,Germany,2015,,0.22,,,,,
dataflow,ESTAT:ISOC_SK_DSKL_I$DEFAULTVIEW(1.0),Individuals' level of digital skills (2015-2019),A,Annual,I_DSK_X,Individuals who have no overall digital skills,IND_TOTAL,All individuals,PC_IND,Percentage of individuals,DE,Germany,2016,,0.26,,,,,
dataflow,ESTAT:ISOC_SK_DSKL_I$DEFAULTVIEW(1.0),Individuals' level of digital skills (2015-2019),A,Annual,I_DSK_X,Individuals who have no overall digital skills,IND_TOTAL,All individuals,PC_IND,Percentage of individuals,DE,Germany,2017,,0.34,,,,,
dataflow,ESTAT:ISOC_SK_DSKL_I$DEFAULTVIEW(1.0),Individuals' level of digital skills (2015-2019),A,Annual,I_DSK_X,Individuals who have no overall digital skills,IND_TOTAL,All individuals,PC_IND,Percentage of individuals,DE,Germany,2019,,0.33,,,,,
dataflow,ESTAT:ISOC_SK_DSKL_I$DEFAULTVIEW(1.0),Individuals' level of digital skills (2015-2019),A,Annual,I_DSK_X,Individuals who have no overall digital skills,IND_TOTAL,All individuals,PC_IND,Percentage of individuals,DK,Denmark,2015,,1.19,,,,,
dataflow,ESTAT:ISOC_SK_DSKL_I$DEFAULTVIEW(1.0),Individuals' level of digital skills (2015-2019),A,Annual,I_DSK_X,Individuals who have no overall digital skills,IND_TOTAL,All individuals,PC_IND,Percentage of individuals,DK,Denmark,2016,,0.88,,,,,
dataflow,ESTAT:ISOC_SK_DSKL_I$DEFAULTVIEW(1.0),Individuals' level of digital skills (2015-2019),A,Annual,I_DSK_X,Individuals who have no overall digital skills,IND_TOTAL,All individuals,PC_IND,Percentage of individuals,DK,Denmark,2017,,0.16,,,,,
dataflow,ESTAT:ISOC_SK_DSKL_I$DEFAULTVIEW(1.0),Individuals' level of digital skills (2015-2019),A,Annual,I_DSK_X,Individuals who have no overall digital skills,IND_TOTAL,All individuals,PC_IND,Percentage of individuals,DK,Denmark,2019,,0.38,,,,,
dataflow,ESTAT:ISOC_SK_DSKL_I$DEFAULTVIEW(1.0),Individuals' level of digital skills (2015-2019),A,Annual,I_DSK_X,Individuals who have no overall digital skills,IND_TOTAL,All individuals,PC_IND,Percentage of individuals,EA,"Euro area (EA11-1999, EA12-2001, EA13-2007, EA15-2008, EA16-2009, EA17-2011, EA18-2014, EA19-2015, EA20-2023, EA21-2026)",2015,,0.83,,,,,
dataflow,ESTAT:ISOC_SK_DSKL_I$DEFAULTVIEW(1.0),Individuals' level of digital skills (2015-2019),A,Annual,I_DSK_X,Individuals who have no overall digital skills,IND_TOTAL,All individuals,PC_IND,Percentage of individuals,EA,"Euro area (EA11-1999, EA12-2001, EA13-2007, EA15-2008, EA16-2009, EA17-2011, EA18-2014, EA19-2015, EA20-2023, EA21-2026)",2016,,1.00,,,,,
dataflow,ESTAT:ISOC_SK_DSKL_I$DEFAULTVIEW(1.0),Individuals' level of digital skills (2015-2019),A,Annual,I_DSK_X,Individuals who have no overall digital skills,IND_TOTAL,All individuals,PC_IND,Percentage of individuals,EA,"Euro area (EA11-1999, EA12-2001, EA13-2007, EA15-2008, EA16-2009, EA17-2011, EA18-2014, EA19-2015, EA20-2023, EA21-2026)",2017,,1.03,,,,,
dataflow,ESTAT:ISOC_SK_DSKL_I$DEFAULTVIEW(1.0),Individuals' level of digital skills (2015-2019),A,Annual,I_DSK_X,Individuals who have no overall digital skills,IND_TOTAL,All individuals,PC_IND,Percentage of individuals,EA,"Euro area (EA11-1999, EA12-2001, EA13-2007, EA15-2008, EA16-2009, EA17-2011, EA18-2014, EA19-2015, EA20-2023, EA21-2026)",2019,,1.08,,,,,
dataflow,ESTAT:ISOC_SK_DSKL_I$DEFAULTVIEW(1.0),Individuals' level of digital skills (2015-2019),A,Annual,I_DSK_X,Individuals who have no overall digital skills,IND_TOTAL,All individuals,PC_IND,Percentage of individuals,EE,Estonia,2015,,0.71,,,,,
dataflow,ESTAT:ISOC_SK_DSKL_I$DEFAULTVIEW(1.0),Individuals' level of digital skills (2015-2019),A,Annual,I_DSK_X,Individuals who have no overall digital skills,IND_TOTAL,All individuals,PC_IND,Percentage of individuals,EE,Estonia,2016,,0.70,,,,,
dataflow,ESTAT:ISOC_SK_DSKL_I$DEFAULTVIEW(1.0),Individuals' level of digital skills (2015-2019),A,Annual,I_DSK_X,Individuals who have no overall digital skills,IND_TOTAL,All individuals,PC_IND,Percentage of individuals,EE,Estonia,2017,,0.74,,,,,
dataflow,ESTAT:ISOC_SK_DSKL_I$DEFAULTVIEW(1.0),Individuals' level of digital skills (2015-2019),A,Annual,I_DSK_X,Individuals who have no overall digital skills,IND_TOTAL,All individuals,PC_IND,Percentage of individuals,EE,Estonia,2019,,0.84,,,,,
dataflow,ESTAT:ISOC_SK_DSKL_I$DEFAULTVIEW(1.0),Individuals' level of digital skills (2015-2019),A,Annual,I_DSK_X,Individuals who have no overall digital skills,IND_TOTAL,All individuals,PC_IND,Percentage of individuals,EL,Greece,2015,,0.67,,,,,
dataflow,ESTAT:ISOC_SK_DSKL_I$DEFAULTVIEW(1.0),Individuals' level of digital skills (2015-2019),A,Annual,I_DSK_X,Individuals who have no overall digital skills,IND_TOTAL,All individuals,PC_IND,Percentage of individuals,EL,Greece,2016,,0.63,,,,,
dataflow,ESTAT:ISOC_SK_DSKL_I$DEFAULTVIEW(1.0),Individuals' level of digital skills (2015-2019),A,Annual,I_DSK_X,Individuals who have no overall digital skills,IND_TOTAL,All individuals,PC_IND,Percentage of individuals,EL,Greece,2017,,0.59,,,,,
dataflow,ESTAT:ISOC_SK_DSKL_I$DEFAULTVIEW(1.0),Individuals' level of digital skills (2015-2019),A,Annual,I_DSK_X,Individuals who have no overall digital skills,IND_TOTAL,All individuals,PC_IND,Percentage of individuals,EL,Greece,2019,,0.96,,,,,
dataflow,ESTAT:ISOC_SK_DSKL_I$DEFAULTVIEW(1.0),Individuals' level of digital skills (2015-2019),A,Annual,I_DSK_X,Individuals who have no overall digital skills,IND_TOTAL,All individuals,PC_IND,Percentage of individuals,ES,Spain,2015,,1.96,,,,,
dataflow,ESTAT:ISOC_SK_DSKL_I$DEFAULTVIEW(1.0),Individuals' level of digital skills (2015-2019),A,Annual,I_DSK_X,Individuals who have no overall digital skills,IND_TOTAL,All individuals,PC_IND,Percentage of individuals,ES,Spain,2016,,1.87,,,,,
dataflow,ESTAT:ISOC_SK_DSKL_I$DEFAULTVIEW(1.0),Individuals' level of digital skills (2015-2019),A,Annual,I_DSK_X,Individuals who have no overall digital skills,IND_TOTAL,All individuals,PC_IND,Percentage of individuals,ES,Spain,2017,,2.03,,,,,
dataflow,ESTAT:ISOC_SK_DSKL_I$DEFAULTVIEW(1.0),Individuals' level of digital skills (2015-2019),A,Annual,I_DSK_X,Individuals who have no overall digital skills,IND_TOTAL,All individuals,PC_IND,Percentage of individuals,ES,Spain,2019,,2.03,,,,,
dataflow,ESTAT:ISOC_SK_DSKL_I$DEFAULTVIEW(1.0),Individuals' level of digital skills (2015-2019),A,Annual,I_DSK_X,Individuals who have no overall digital skills,IND_TOTAL,All individuals,PC_IND,Percentage of individuals,EU15,European Union - 15 countries (1995-2004),2015,,0.83,,,,,
dataflow,ESTAT:ISOC_SK_DSKL_I$DEFAULTVIEW(1.0),Individuals' level of digital skills (2015-2019),A,Annual,I_DSK_X,Individuals who have no overall digital skills,IND_TOTAL,All individuals,PC_IND,Percentage of individuals,EU15,European Union - 15 countries (1995-2004),2016,,0.97,,,,,
dataflow,ESTAT:ISOC_SK_DSKL_I$DEFAULTVIEW(1.0),Individuals' level of digital skills (2015-2019),A,Annual,I_DSK_X,Individuals who have no overall digital skills,IND_TOTAL,All individuals,PC_IND,Percentage of individuals,EU15,European Union - 15 countries (1995-2004),2017,,0.96,,,,,
dataflow,ESTAT:ISOC_SK_DSKL_I$DEFAULTVIEW(1.0),Individuals' level of digital skills (2015-2019),A,Annual,I_DSK_X,Individuals who have no overall digital skills,IND_TOTAL,All individuals,PC_IND,Percentage of individuals,EU27_2007,European Union - 27 countries (2007-2013),2015,,0.83,,,,,
dataflow,ESTAT:ISOC_SK_DSKL_I$DEFAULTVIEW(1.0),Individuals' level of digital skills (2015-2019),A,Annual,I_DSK_X,Individuals who have no overall digital skills,IND_TOTAL,All individuals,PC_IND,Percentage of individuals,EU27_2007,European Union - 27 countries (2007-2013),2016,,0.93,,,,,
dataflow,ESTAT:ISOC_SK_DSKL_I$DEFAULTVIEW(1.0),Individuals' level of digital skills (2015-2019),A,Annual,I_DSK_X,Individuals who have no overall digital skills,IND_TOTAL,All individuals,PC_IND,Percentage of individuals,EU27_2007,European Union - 27 countries (2007-2013),2017,,0.90,,,,,
dataflow,ESTAT:ISOC_SK_DSKL_I$DEFAULTVIEW(1.0),Individuals' level of digital skills (2015-2019),A,Annual,I_DSK_X,Individuals who have no overall digital skills,IND_TOTAL,All individuals,PC_IND,Percentage of individuals,EU27_2020,European Union - 27 countries (from 2020),2015,,0.87,,,,,
dataflow,ESTAT:ISOC_SK_DSKL_I$DEFAULTVIEW(1.0),Individuals' level of digital skills (2015-2019),A,Annual,I_DSK_X,Individuals who have no overall digital skills,IND_TOTAL,All individuals,PC_IND,Percentage of individuals,EU27_2020,European Union - 27 countries (from 2020),2016,,0.95,,,,,
dataflow,ESTAT:ISOC_SK_DSKL_I$DEFAULTVIEW(1.0),Individuals' level of digital skills (2015-2019),A,Annual,I_DSK_X,Individuals who have no overall digital skills,IND_TOTAL,All individuals,PC_IND,Percentage of individuals,EU27_2020,European Union - 27 countries (from 2020),2017,,0.94,,,,,
dataflow,ESTAT:ISOC_SK_DSKL_I$DEFAULTVIEW(1.0),Individuals' level of digital skills (2015-2019),A,Annual,I_DSK_X,Individuals who have no overall digital skills,IND_TOTAL,All individuals,PC_IND,Percentage of individuals,EU27_2020,European Union - 27 countries (from 2020),2019,,1.03,,,,,
dataflow,ESTAT:ISOC_SK_DSKL_I$DEFAULTVIEW(1.0),Individuals' level of digital skills (2015-2019),A,Annual,I_DSK_X,Individuals who have no overall digital skills,IND_TOTAL,All individuals,PC_IND,Percentage of individuals,EU28,European Union - 28 countries (2013-2020),2015,,0.83,,,,,
dataflow,ESTAT:ISOC_SK_DSKL_I$DEFAULTVIEW(1.0),Individuals' level of digital skills (2015-2019),A,Annual,I_DSK_X,Individuals who have no overall digital skills,IND_TOTAL,All individuals,PC_IND,Percentage of individuals,EU28,European Union - 28 countries (2013-2020),2016,,0.93,,,,,
dataflow,ESTAT:ISOC_SK_DSKL_I$DEFAULTVIEW(1.0),Individuals' level of digital skills (2015-2019),A,Annual,I_DSK_X,Individuals who have no overall digital skills,IND_TOTAL,All individuals,PC_IND,Percentage of individuals,EU28,European Union - 28 countries (2013-2020),2017,,0.90,,,,,
dataflow,ESTAT:ISOC_SK_DSKL_I$DEFAULTVIEW(1.0),Individuals' level of digital skills (2015-2019),A,Annual,I_DSK_X,Individuals who have no overall digital skills,IND_TOTAL,All individuals,PC_IND,Percentage of individuals,EU28,European Union - 28 countries (2013-2020),2019,,1.05,,,,,
dataflow,ESTAT:ISOC_SK_DSKL_I$DEFAULTVIEW(1.0),Individuals' level of digital skills (2015-2019),A,Annual,I_DSK_X,Individuals who have no overall digital skills,IND_TOTAL,All individuals,PC_IND,Percentage of individuals,FI,Finland,2015,,0.44,,,,,
dataflow,ESTAT:ISOC_SK_DSKL_I$DEFAULTVIEW(1.0),Individuals' level of digital skills (2015-2019),A,Annual,I_DSK_X,Individuals who have no overall digital skills,IND_TOTAL,All individuals,PC_IND,Percentage of individuals,FI,Finland,2016,,0.70,,,,,
dataflow,ESTAT:ISOC_SK_DSKL_I$DEFAULTVIEW(1.0),Individuals' level of digital skills (2015-2019),A,Annual,I_DSK_X,Individuals who have no overall digital skills,IND_TOTAL,All individuals,PC_IND,Percentage of individuals,FI,Finland,2017,,0.35,,,,,
dataflow,ESTAT:ISOC_SK_DSKL_I$DEFAULTVIEW(1.0),Individuals' level of digital skills (2015-2019),A,Annual,I_DSK_X,Individuals who have no overall digital skills,IND_TOTAL,All individuals,PC_IND,Percentage of individuals,FI,Finland,2019,,0.24,,,,,
dataflow,ESTAT:ISOC_SK_DSKL_I$DEFAULTVIEW(1.0),Individuals' level of digital skills (2015-2019),A,Annual,I_DSK_X,Individuals who have no overall digital skills,IND_TOTAL,All individuals,PC_IND,Percentage of individuals,FR,France,2015,,0.27,,,,,
dataflow,ESTAT:ISOC_SK_DSKL_I$DEFAULTVIEW(1.0),Individuals' level of digital skills (2015-2019),A,Annual,I_DSK_X,Individuals who have no overall digital skills,IND_TOTAL,All individuals,PC_IND,Percentage of individuals,FR,France,2016,,0.72,,,,,
dataflow,ESTAT:ISOC_SK_DSKL_I$DEFAULTVIEW(1.0),Individuals' level of digital skills (2015-2019),A,Annual,I_DSK_X,Individuals who have no overall digital skills,IND_TOTAL,All individuals,PC_IND,Percentage of individuals,FR,France,2017,,0.54,,,,,
dataflow,ESTAT:ISOC_SK_DSKL_I$DEFAULTVIEW(1.0),Individuals' level of digital skills (2015-2019),A,Annual,I_DSK_X,Individuals who have no overall digital skills,IND_TOTAL,All individuals,PC_IND,Percentage of individuals,FR,France,2019,,0.51,,,,,
dataflow,ESTAT:ISOC_SK_DSKL_I$DEFAULTVIEW(1.0),Individuals' level of digital skills (2015-2019),A,Annual,I_DSK_X,Individuals who have no overall digital skills,IND_TOTAL,All individuals,PC_IND,Percentage of individuals,HR,Croatia,2015,,0.82,,,,,
dataflow,ESTAT:ISOC_SK_DSKL_I$DEFAULTVIEW(1.0),Individuals' level of digital skills (2015-2019),A,Annual,I_DSK_X,Individuals who have no overall digital skills,IND_TOTAL,All individuals,PC_IND,Percentage of individuals,HR,Croatia,2016,,0.64,,,,,
dataflow,ESTAT:ISOC_SK_DSKL_I$DEFAULTVIEW(1.0),Individuals' level of digital skills (2015-2019),A,Annual,I_DSK_X,Individuals who have no overall digital skills,IND_TOTAL,All individuals,PC_IND,Percentage of individuals,HR,Croatia,2017,,0.71,,,,,
dataflow,ESTAT:ISOC_SK_DSKL_I$DEFAULTVIEW(1.0),Individuals' level of digital skills (2015-2019),A,Annual,I_DSK_X,Individuals who have no overall digital skills,IND_TOTAL,All individuals,PC_IND,Percentage of individuals,HR,Croatia,2019,,0.13,,,,,
dataflow,ESTAT:ISOC_SK_DSKL_I$DEFAULTVIEW(1.0),Individuals' level of digital skills (2015-2019),A,Annual,I_DSK_X,Individuals who have no overall digital skills,IND_TOTAL,All individuals,PC_IND,Percentage of individuals,HU,Hungary,2015,,0.07,,,,,
dataflow,ESTAT:ISOC_SK_DSKL_I$DEFAULTVIEW(1.0),Individuals' level of digital skills (2015-2019),A,Annual,I_DSK_X,Individuals who have no overall digital skills,IND_TOTAL,All individuals,PC_IND,Percentage of individuals,HU,Hungary,2016,,0.11,,,,,
dataflow,ESTAT:ISOC_SK_DSKL_I$DEFAULTVIEW(1.0),Individuals' level of digital skills (2015-2019),A,Annual,I_DSK_X,Individuals who have no overall digital skills,IND_TOTAL,All individuals,PC_IND,Percentage of individuals,HU,Hungary,2017,,0.13,,,,,
dataflow,ESTAT:ISOC_SK_DSKL_I$DEFAULTVIEW(1.0),Individuals' level of digital skills (2015-2019),A,Annual,I_DSK_X,Individuals who have no overall digital skills,IND_TOTAL,All individuals,PC_IND,Percentage of individuals,HU,Hungary,2019,,0.36,,,,,
dataflow,ESTAT:ISOC_SK_DSKL_I$DEFAULTVIEW(1.0),Individuals' level of digital skills (2015-2019),A,Annual,I_DSK_X,Individuals who have no overall digital skills,IND_TOTAL,All individuals,PC_IND,Percentage of individuals,IE,Ireland,2015,,0.88,,,,,
dataflow,ESTAT:ISOC_SK_DSKL_I$DEFAULTVIEW(1.0),Individuals' level of digital skills (2015-2019),A,Annual,I_DSK_X,Individuals who have no overall digital skills,IND_TOTAL,All individuals,PC_IND,Percentage of individuals,IE,Ireland,2016,,0.75,,,,,
dataflow,ESTAT:ISOC_SK_DSKL_I$DEFAULTVIEW(1.0),Individuals' level of digital skills (2015-2019),A,Annual,I_DSK_X,Individuals who have no overall digital skills,IND_TOTAL,All individuals,PC_IND,Percentage of individuals,IE,Ireland,2017,,0.64,,,,,
dataflow,ESTAT:ISOC_SK_DSKL_I$DEFAULTVIEW(1.0),Individuals' level of digital skills (2015-2019),A,Annual,I_DSK_X,Individuals who have no overall digital skills,IND_TOTAL,All individuals,PC_IND,Percentage of individuals,IE,Ireland,2019,,1.19,,,,,
dataflow,ESTAT:ISOC_SK_DSKL_I$DEFAULTVIEW(1.0),Individuals' level of digital skills (2015-2019),A,Annual,I_DSK_X,Individuals who have no overall digital skills,IND_TOTAL,All individuals,PC_IND,Percentage of individuals,IS,Iceland,2017,,0.13,,,,,
dataflow,ESTAT:ISOC_SK_DSKL_I$DEFAULTVIEW(1.0),Individuals' level of digital skills (2015-2019),A,Annual,I_DSK_X,Individuals who have no overall digital skills,IND_TOTAL,All individuals,PC_IND,Percentage of individuals,IS,Iceland,2019,,0.34,,,,,
dataflow,ESTAT:ISOC_SK_DSKL_I$DEFAULTVIEW(1.0),Individuals' level of digital skills (2015-2019),A,Annual,I_DSK_X,Individuals who have no overall digital skills,IND_TOTAL,All individuals,PC_IND,Percentage of individuals,IT,Italy,2015,,1.65,,,,,
dataflow,ESTAT:ISOC_SK_DSKL_I$DEFAULTVIEW(1.0),Individuals' level of digital skills (2015-2019),A,Annual,I_DSK_X,Individuals who have no overall digital skills,IND_TOTAL,All individuals,PC_IND,Percentage of individuals,IT,Italy,2016,,2.30,,,,,
dataflow,ESTAT:ISOC_SK_DSKL_I$DEFAULTVIEW(1.0),Individuals' level of digital skills (2015-2019),A,Annual,I_DSK_X,Individuals who have no overall digital skills,IND_TOTAL,All individuals,PC_IND,Percentage of individuals,IT,Italy,2017,,,,u,low reliability,,
dataflow,ESTAT:ISOC_SK_DSKL_I$DEFAULTVIEW(1.0),Individuals' level of digital skills (2015-2019),A,Annual,I_DSK_X,Individuals who have no overall digital skills,IND_TOTAL,All individuals,PC_IND,Percentage of individuals,IT,Italy,2019,,2.54,,b,break in time series,,
dataflow,ESTAT:ISOC_SK_DSKL_I$DEFAULTVIEW(1.0),Individuals' level of digital skills (2015-2019),A,Annual,I_DSK_X,Individuals who have no overall digital skills,IND_TOTAL,All individuals,PC_IND,Percentage of individuals,LT,Lithuania,2015,,0.64,,,,,
dataflow,ESTAT:ISOC_SK_DSKL_I$DEFAULTVIEW(1.0),Individuals' level of digital skills (2015-2019),A,Annual,I_DSK_X,Individuals who have no overall digital skills,IND_TOTAL,All individuals,PC_IND,Percentage of individuals,LT,Lithuania,2016,,0.74,,,,,
dataflow,ESTAT:ISOC_SK_DSKL_I$DEFAULTVIEW(1.0),Individuals' level of digital skills (2015-2019),A,Annual,I_DSK_X,Individuals who have no overall digital skills,IND_TOTAL,All individuals,PC_IND,Percentage of individuals,LT,Lithuania,2017,,0.85,,,,,
dataflow,ESTAT:ISOC_SK_DSKL_I$DEFAULTVIEW(1.0),Individuals' level of digital skills (2015-2019),A,Annual,I_DSK_X,Individuals who have no overall digital skills,IND_TOTAL,All individuals,PC_IND,Percentage of individuals,LT,Lithuania,2019,,0.65,,,,,
dataflow,ESTAT:ISOC_SK_DSKL_I$DEFAULTVIEW(1.0),Individuals' level of digital skills (2015-2019),A,Annual,I_DSK_X,Individuals who have no overall digital skills,IND_TOTAL,All individuals,PC_IND,Percentage of individuals,LU,Luxembourg,2015,,0.27,,,,,
dataflow,ESTAT:ISOC_SK_DSKL_I$DEFAULTVIEW(1.0),Individuals' level of digital skills (2015-2019),A,Annual,I_DSK_X,Individuals who have no overall digital skills,IND_TOTAL,All individuals,PC_IND,Percentage of individuals,LU,Luxembourg,2016,,0.49,,,,,
dataflow,ESTAT:ISOC_SK_DSKL_I$DEFAULTVIEW(1.0),Individuals' level of digital skills (2015-2019),A,Annual,I_DSK_X,Individuals who have no overall digital skills,IND_TOTAL,All individuals,PC_IND,Percentage of individuals,LU,Luxembourg,2017,,0.47,,,,,
dataflow,ESTAT:ISOC_SK_DSKL_I$DEFAULTVIEW(1.0),Individuals' level of digital skills (2015-2019),A,Annual,I_DSK_X,Individuals who have no overall digital skills,IND_TOTAL,All individuals,PC_IND,Percentage of individuals,LU,Luxembourg,2019,,1.55,,b,break in time series,,
dataflow,ESTAT:ISOC_SK_DSKL_I$DEFAULTVIEW(1.0),Individuals' level of digital skills (2015-2019),A,Annual,I_DSK_X,Individuals who have no overall digital skills,IND_TOTAL,All individuals,PC_IND,Percentage of individuals,LV,Latvia,2015,,0.53,,,,,
dataflow,ESTAT:ISOC_SK_DSKL_I$DEFAULTVIEW(1.0),Individuals' level of digital skills (2015-2019),A,Annual,I_DSK_X,Individuals who have no overall digital skills,IND_TOTAL,All individuals,PC_IND,Percentage of individuals,LV,Latvia,2016,,0.32,,b,break in time series,,
dataflow,ESTAT:ISOC_SK_DSKL_I$DEFAULTVIEW(1.0),Individuals' level of digital skills (2015-2019),A,Annual,I_DSK_X,Individuals who have no overall digital skills,IND_TOTAL,All individuals,PC_IND,Percentage of individuals,LV,Latvia,2017,,0.37,,,,,
dataflow,ESTAT:ISOC_SK_DSKL_I$DEFAULTVIEW(1.0),Individuals' level of digital skills (2015-2019),A,Annual,I_DSK_X,Individuals who have no overall digital skills,IND_TOTAL,All individuals,PC_IND,Percentage of individuals,LV,Latvia,2019,,0.89,,b,break in time series,,
dataflow,ESTAT:ISOC_SK_DSKL_I$DEFAULTVIEW(1.0),Individuals' level of digital skills (2015-2019),A,Annual,I_DSK_X,Individuals who have no overall digital skills,IND_TOTAL,All individuals,PC_IND,Percentage of individuals,ME,Montenegro,2019,,,,u,low reliability,,
dataflow,ESTAT:ISOC_SK_DSKL_I$DEFAULTVIEW(1.0),Individuals' level of digital skills (2015-2019),A,Annual,I_DSK_X,Individuals who have no overall digital skills,IND_TOTAL,All individuals,PC_IND,Percentage of individuals,MK,North Macedonia,2015,,0.19,,,,,
dataflow,ESTAT:ISOC_SK_DSKL_I$DEFAULTVIEW(1.0),Individuals' level of digital skills (2015-2019),A,Annual,I_DSK_X,Individuals who have no overall digital skills,IND_TOTAL,All individuals,PC_IND,Percentage of individuals,MK,North Macedonia,2016,,0.31,,,,,
dataflow,ESTAT:ISOC_SK_DSKL_I$DEFAULTVIEW(1.0),Individuals' level of digital skills (2015-2019),A,Annual,I_DSK_X,Individuals who have no overall digital skills,IND_TOTAL,All individuals,PC_IND,Percentage of individuals,MK,North Macedonia,2017,,0.23,,,,,
dataflow,ESTAT:ISOC_SK_DSKL_I$DEFAULTVIEW(1.0),Individuals' level of digital skills (2015-2019),A,Annual,I_DSK_X,Individuals who have no overall digital skills,IND_TOTAL,All individuals,PC_IND,Percentage of individuals,MK,North Macedonia,2019,,0.13,,,,,
dataflow,ESTAT:ISOC_SK_DSKL_I$DEFAULTVIEW(1.0),Individuals' level of digital skills (2015-2019),A,Annual,I_DSK_X,Individuals who have no overall digital skills,IND_TOTAL,All individuals,PC_IND,Percentage of individuals,MT,Malta,2015,,0.82,,,,,
dataflow,ESTAT:ISOC_SK_DSKL_I$DEFAULTVIEW(1.0),Individuals' level of digital skills (2015-2019),A,Annual,I_DSK_X,Individuals who have no overall digital skills,IND_TOTAL,All individuals,PC_IND,Percentage of individuals,MT,Malta,2016,,1.36,,,,,
dataflow,ESTAT:ISOC_SK_DSKL_I$DEFAULTVIEW(1.0),Individuals' level of digital skills (2015-2019),A,Annual,I_DSK_X,Individuals who have no overall digital skills,IND_TOTAL,All individuals,PC_IND,Percentage of individuals,MT,Malta,2017,,1.14,,,,,
dataflow,ESTAT:ISOC_SK_DSKL_I$DEFAULTVIEW(1.0),Individuals' level of digital skills (2015-2019),A,Annual,I_DSK_X,Individuals who have no overall digital skills,IND_TOTAL,All individuals,PC_IND,Percentage of individuals,MT,Malta,2019,,0.55,,,,,
dataflow,ESTAT:ISOC_SK_DSKL_I$DEFAULTVIEW(1.0),Individuals' level of digital skills (2015-2019),A,Annual,I_DSK_X,Individuals who have no overall digital skills,IND_TOTAL,All individuals,PC_IND,Percentage of individuals,NL,Netherlands,2015,,0.43,,,,,
dataflow,ESTAT:ISOC_SK_DSKL_I$DEFAULTVIEW(1.0),Individuals' level of digital skills (2015-2019),A,Annual,I_DSK_X,Individuals who have no overall digital skills,IND_TOTAL,All individuals,PC_IND,Percentage of individuals,NL,Netherlands,2016,,0.22,,,,,
dataflow,ESTAT:ISOC_SK_DSKL_I$DEFAULTVIEW(1.0),Individuals' level of digital skills (2015-2019),A,Annual,I_DSK_X,Individuals who have no overall digital skills,IND_TOTAL,All individuals,PC_IND,Percentage of individuals,NL,Netherlands,2017,,0.18,,,,,
dataflow,ESTAT:ISOC_SK_DSKL_I$DEFAULTVIEW(1.0),Individuals' level of digital skills (2015-2019),A,Annual,I_DSK_X,Individuals who have no overall digital skills,IND_TOTAL,All individuals,PC_IND,Percentage of individuals,NL,Netherlands,2019,,0.25,,,,,
dataflow,ESTAT:ISOC_SK_DSKL_I$DEFAULTVIEW(1.0),Individuals' level of digital skills (2015-2019),A,Annual,I_DSK_X,Individuals who have no overall digital skills,IND_TOTAL,All individuals,PC_IND,Percentage of individuals,NO,Norway,2015,,0.27,,,,,
dataflow,ESTAT:ISOC_SK_DSKL_I$DEFAULTVIEW(1.0),Individuals' level of digital skills (2015-2019),A,Annual,I_DSK_X,Individuals who have no overall digital skills,IND_TOTAL,All individuals,PC_IND,Percentage of individuals,NO,Norway,2016,,0.26,,,,,
dataflow,ESTAT:ISOC_SK_DSKL_I$DEFAULTVIEW(1.0),Individuals' level of digital skills (2015-2019),A,Annual,I_DSK_X,Individuals who have no overall digital skills,IND_TOTAL,All individuals,PC_IND,Percentage of individuals,NO,Norway,2017,,0,,,,,
dataflow,ESTAT:ISOC_SK_DSKL_I$DEFAULTVIEW(1.0),Individuals' level of digital skills (2015-2019),A,Annual,I_DSK_X,Individuals who have no overall digital skills,IND_TOTAL,All individuals,PC_IND,Percentage of individuals,NO,Norway,2019,,0.34,,,,,
dataflow,ESTAT:ISOC_SK_DSKL_I$DEFAULTVIEW(1.0),Individuals' level of digital skills (2015-2019),A,Annual,I_DSK_X,Individuals who have no overall digital skills,IND_TOTAL,All individuals,PC_IND,Percentage of individuals,PL,Poland,2015,,1.15,,,,,
dataflow,ESTAT:ISOC_SK_DSKL_I$DEFAULTVIEW(1.0),Individuals' level of digital skills (2015-2019),A,Annual,I_DSK_X,Individuals who have no overall digital skills,IND_TOTAL,All individuals,PC_IND,Percentage of individuals,PL,Poland,2016,,1.01,,,,,
dataflow,ESTAT:ISOC_SK_DSKL_I$DEFAULTVIEW(1.0),Individuals' level of digital skills (2015-2019),A,Annual,I_DSK_X,Individuals who have no overall digital skills,IND_TOTAL,All individuals,PC_IND,Percentage of individuals,PL,Poland,2017,,1.15,,,,,
dataflow,ESTAT:ISOC_SK_DSKL_I$DEFAULTVIEW(1.0),Individuals' level of digital skills (2015-2019),A,Annual,I_DSK_X,Individuals who have no overall digital skills,IND_TOTAL,All individuals,PC_IND,Percentage of individuals,PL,Poland,2019,,1.04,,,,,
dataflow,ESTAT:ISOC_SK_DSKL_I$DEFAULTVIEW(1.0),Individuals' level of digital skills (2015-2019),A,Annual,I_DSK_X,Individuals who have no overall digital skills,IND_TOTAL,All individuals,PC_IND,Percentage of individuals,PT,Portugal,2015,,1.06,,,,,
dataflow,ESTAT:ISOC_SK_DSKL_I$DEFAULTVIEW(1.0),Individuals' level of digital skills (2015-2019),A,Annual,I_DSK_X,Individuals who have no overall digital skills,IND_TOTAL,All individuals,PC_IND,Percentage of individuals,PT,Portugal,2016,,0.87,,,,,
dataflow,ESTAT:ISOC_SK_DSKL_I$DEFAULTVIEW(1.0),Individuals' level of digital skills (2015-2019),A,Annual,I_DSK_X,Individuals who have no overall digital skills,IND_TOTAL,All individuals,PC_IND,Percentage of individuals,PT,Portugal,2017,,1.00,,,,,
dataflow,ESTAT:ISOC_SK_DSKL_I$DEFAULTVIEW(1.0),Individuals' level of digital skills (2015-2019),A,Annual,I_DSK_X,Individuals who have no overall digital skills,IND_TOTAL,All individuals,PC_IND,Percentage of individuals,PT,Portugal,2019,,1.15,,,,,
dataflow,ESTAT:ISOC_SK_DSKL_I$DEFAULTVIEW(1.0),Individuals' level of digital skills (2015-2019),A,Annual,I_DSK_X,Individuals who have no overall digital skills,IND_TOTAL,All individuals,PC_IND,Percentage of individuals,RO,Romania,2017,,0.02,,,,,
dataflow,ESTAT:ISOC_SK_DSKL_I$DEFAULTVIEW(1.0),Individuals' level of digital skills (2015-2019),A,Annual,I_DSK_X,Individuals who have no overall digital skills,IND_TOTAL,All individuals,PC_IND,Percentage of individuals,RS,Serbia,2015,,0.36,,,,,
dataflow,ESTAT:ISOC_SK_DSKL_I$DEFAULTVIEW(1.0),Individuals' level of digital skills (2015-2019),A,Annual,I_DSK_X,Individuals who have no overall digital skills,IND_TOTAL,All individuals,PC_IND,Percentage of individuals,RS,Serbia,2017,,0.27,,,,,
dataflow,ESTAT:ISOC_SK_DSKL_I$DEFAULTVIEW(1.0),Individuals' level of digital skills (2015-2019),A,Annual,I_DSK_X,Individuals who have no overall digital skills,IND_TOTAL,All individuals,PC_IND,Percentage of individuals,RS,Serbia,2019,,0.53,,,,,
dataflow,ESTAT:ISOC_SK_DSKL_I$DEFAULTVIEW(1.0),Individuals' level of digital skills (2015-2019),A,Annual,I_DSK_X,Individuals who have no overall digital skills,IND_TOTAL,All individuals,PC_IND,Percentage of individuals,SE,Sweden,2015,,1.67,,,,,
dataflow,ESTAT:ISOC_SK_DSKL_I$DEFAULTVIEW(1.0),Individuals' level of digital skills (2015-2019),A,Annual,I_DSK_X,Individuals who have no overall digital skills,IND_TOTAL,All individuals,PC_IND,Percentage of individuals,SE,Sweden,2016,,0.62,,b,break in time series,,
dataflow,ESTAT:ISOC_SK_DSKL_I$DEFAULTVIEW(1.0),Individuals' level of digital skills (2015-2019),A,Annual,I_DSK_X,Individuals who have no overall digital skills,IND_TOTAL,All individuals,PC_IND,Percentage of individuals,SE,Sweden,2017,,0.80,,,,,
dataflow,ESTAT:ISOC_SK_DSKL_I$DEFAULTVIEW(1.0),Individuals' level of digital skills (2015-2019),A,Annual,I_DSK_X,Individuals who have no overall digital skills,IND_TOTAL,All individuals,PC_IND,Percentage of individuals,SE,Sweden,2019,,1.48,,u,low reliability,,
dataflow,ESTAT:ISOC_SK_DSKL_I$DEFAULTVIEW(1.0),Individuals' level of digital skills (2015-2019),A,Annual,I_DSK_X,Individuals who have no overall digital skills,IND_TOTAL,All individuals,PC_IND,Percentage of individuals,SI,Slovenia,2015,,0.82,,,,,
dataflow,ESTAT:ISOC_SK_DSKL_I$DEFAULTVIEW(1.0),Individuals' level of digital skills (2015-2019),A,Annual,I_DSK_X,Individuals who have no overall digital skills,IND_TOTAL,All individuals,PC_IND,Percentage of individuals,SI,Slovenia,2016,,1.31,,,,,
dataflow,ESTAT:ISOC_SK_DSKL_I$DEFAULTVIEW(1.0),Individuals' level of digital skills (2015-2019),A,Annual,I_DSK_X,Individuals who have no overall digital skills,IND_TOTAL,All individuals,PC_IND,Percentage of individuals,SI,Slovenia,2017,,0.52,,,,,
dataflow,ESTAT:ISOC_SK_DSKL_I$DEFAULTVIEW(1.0),Individuals' level of digital skills (2015-2019),A,Annual,I_DSK_X,Individuals who have no overall digital skills,IND_TOTAL,All individuals,PC_IND,Percentage of individuals,SI,Slovenia,2019,,0.44,,,,,
dataflow,ESTAT:ISOC_SK_DSKL_I$DEFAULTVIEW(1.0),Individuals' level of digital skills (2015-2019),A,Annual,I_DSK_X,Individuals who have no overall digital skills,IND_TOTAL,All individuals,PC_IND,Percentage of individuals,SK,Slovakia,2015,,0.24,,,,,
dataflow,ESTAT:ISOC_SK_DSKL_I$DEFAULTVIEW(1.0),Individuals' level of digital skills (2015-2019),A,Annual,I_DSK_X,Individuals who have no overall digital skills,IND_TOTAL,All individuals,PC_IND,Percentage of individuals,SK,Slovakia,2016,,0.21,,,,,
dataflow,ESTAT:ISOC_SK_DSKL_I$DEFAULTVIEW(1.0),Individuals' level of digital skills (2015-2019),A,Annual,I_DSK_X,Individuals who have no overall digital skills,IND_TOTAL,All individuals,PC_IND,Percentage of individuals,SK,Slovakia,2017,,0.27,,,,,
dataflow,ESTAT:ISOC_SK_DSKL_I$DEFAULTVIEW(1.0),Individuals' level of digital skills (2015-2019),A,Annual,I_DSK_X,Individuals who have no overall digital skills,IND_TOTAL,All individuals,PC_IND,Percentage of individuals,SK,Slovakia,2019,,0.32,,,,,
dataflow,ESTAT:ISOC_SK_DSKL_I$DEFAULTVIEW(1.0),Individuals' level of digital skills (2015-2019),A,Annual,I_DSK_X,Individuals who have no overall digital skills,IND_TOTAL,All individuals,PC_IND,Percentage of individuals,TR,Türkiye,2015,,1.14,,,,,
dataflow,ESTAT:ISOC_SK_DSKL_I$DEFAULTVIEW(1.0),Individuals' level of digital skills (2015-2019),A,Annual,I_DSK_X,Individuals who have no overall digital skills,IND_TOTAL,All individuals,PC_IND,Percentage of individuals,TR,Türkiye,2016,,1.20,,,,,
dataflow,ESTAT:ISOC_SK_DSKL_I$DEFAULTVIEW(1.0),Individuals' level of digital skills (2015-2019),A,Annual,I_DSK_X,Individuals who have no overall digital skills,IND_TOTAL,All individuals,PC_IND,Percentage of individuals,TR,Türkiye,2017,,0.34,,,,,
dataflow,ESTAT:ISOC_SK_DSKL_I$DEFAULTVIEW(1.0),Individuals' level of digital skills (2015-2019),A,Annual,I_DSK_X,Individuals who have no overall digital skills,IND_TOTAL,All individuals,PC_IND,Percentage of individuals,TR,Türkiye,2019,,1.23,,,,,
dataflow,ESTAT:ISOC_SK_DSKL_I$DEFAULTVIEW(1.0),Individuals' level of digital skills (2015-2019),A,Annual,I_DSK_X,Individuals who have no overall digital skills,IND_TOTAL,All individuals,PC_IND,Percentage of individuals,UK,United Kingdom,2015,,0.54,,,,,
dataflow,ESTAT:ISOC_SK_DSKL_I$DEFAULTVIEW(1.0),Individuals' level of digital skills (2015-2019),A,Annual,I_DSK_X,Individuals who have no overall digital skills,IND_TOTAL,All individuals,PC_IND,Percentage of individuals,UK,United Kingdom,2016,,0.78,,,,,
dataflow,ESTAT:ISOC_SK_DSKL_I$DEFAULTVIEW(1.0),Individuals' level of digital skills (2015-2019),A,Annual,I_DSK_X,Individuals who have no overall digital skills,IND_TOTAL,All individuals,PC_IND,Percentage of individuals,UK,United Kingdom,2017,,0.60,,,,,
dataflow,ESTAT:ISOC_SK_DSKL_I$DEFAULTVIEW(1.0),Individuals' level of digital skills (2015-2019),A,Annual,I_DSK_X,Individuals who have no overall digital skills,IND_TOTAL,All individuals,PC_IND,Percentage of individuals,UK,United Kingdom,2019,,1.19,,,,,
dataflow,ESTAT:ISOC_SK_DSKL_I$DEFAULTVIEW(1.0),Individuals' level of digital skills (2015-2019),A,Annual,I_DSK_X,Individuals who have no overall digital skills,IND_TOTAL,All individuals,PC_IND,Percentage of individuals,XK,Kosovo*,2017,,0.32,,,,,
dataflow,ESTAT:ISOC_SK_DSKL_I$DEFAULTVIEW(1.0),Individuals' level of digital skills (2015-2019),A,Annual,I_DSK_X,Individuals who have no overall digital skills,IND_TOTAL,All individuals,PC_IND,Percentage of individuals,XK,Kosovo*,2019,,4.23,,,,,
